Model,Horizon_h,RMSE,MAE,R2,MAPE,NSE,KGE,KGE_r,KGE_alpha,KGE_beta,PBIAS,RVE
NaivePersistence,1,21.59899,4.373871,0.971145,38035.592269,0.971145,0.985546,0.985566,0.999563,0.999357,0.064262,-0.000643
NaivePersistence,3,38.011272,8.025814,0.91074,451963.273985,0.91074,0.955282,0.955324,0.998969,0.998357,0.164266,-0.001643
NaivePersistence,7,45.352795,9.962423,0.87325,2095672.928649,0.87325,0.936334,0.936483,0.99771,0.996305,0.369475,-0.003695
BaselineLSTM,1,23.580181,5.775294,0.965609,8010111.719901,0.965609,0.962317,0.982713,0.973563,0.979452,2.054829,-0.020548
BaselineLSTM,3,32.864787,7.33874,0.933274,9083846.129607,0.933274,0.931524,0.966234,0.950374,0.967043,3.295721,-0.032957
BaselineLSTM,7,38.968986,8.771406,0.906421,12466913.677391,0.906421,0.891991,0.95282,0.917584,0.948545,5.145537,-0.051455
BaselineGCN,1,45593.686491,1028.845235,-128575.005982,32677921.927168,-128575.005982,-357.923873,0.312862,358.800398,29.368109,-2836.810874,28.368109
BaselineGCN,3,44017.782657,977.198518,-119697.981426,31842173.433289,-119697.981426,-345.230569,0.293161,346.187174,27.84999,-2684.998991,26.84999
BaselineGCN,7,44990.977909,1010.346793,-124734.314126,32570825.907912,-124734.314126,-352.467573,0.284303,353.378126,28.721275,-2772.127534,27.721275
BaselineSTGNN,1,42.033208,8.752605,0.890721,53364163.72671,0.890721,0.733127,0.968859,0.751327,0.908276,9.172424,-0.091724
BaselineSTGNN,3,45.762963,9.512317,0.870621,55627234.915655,0.870621,0.735103,0.954754,0.753869,0.913151,8.68491,-0.086849
BaselineSTGNN,7,49.613093,10.4533,0.848319,61463575.23043,0.848319,0.715491,0.944435,0.73716,0.906335,9.366482,-0.093665
Hybrid_PI_STGNN_FNO,1,37.981207,9.07318,0.910775,47950192.052774,0.910775,0.951187,0.954965,0.98909,1.015346,-1.534634,0.015346
Hybrid_PI_STGNN_FNO,3,41.527597,9.827567,0.893461,48281974.559722,0.893461,0.94359,0.946658,0.998377,1.018277,-1.827745,0.018277
Hybrid_PI_STGNN_FNO,7,44.380986,10.392629,0.878624,49248754.514807,0.878624,0.922687,0.93753,0.955701,0.989395,1.0605,-0.010605
