ID,elev_mean,NEXTDOWNID
55,3122,56
56,2858,58
47,2806,53
57,2776,58
814,2704,816
813,2605,816
815,2546,816
54,2545,63
58,2513,60
79,2506,80
61,2425,62
817,2393,820
812,2392,816
73,2365,74
49,2362,50
816,2362,820
819,2361,820
59,2358,60
818,2334,820
44,2280,45
820,2279,821
48,2254,51
80,2252,82
78,2242,82
60,2213,62
50,2187,51
821,2161,45
65,2155,66
83,2064,84
81,2050,82
69,2024,71
46,2021,53
67,1963,71
85,1960,86
45,1958,46
70,1948,71
72,1923,74
75,1876,77
68,1855,71
51,1851,53
62,1823,63
82,1813,84
53,1793,63
76,1750,77
74,1697,77
63,1669,64
86,1643,87
71,1572,74
52,1541,53
87,1489,88
84,1412,87
66,1319,77
64,1288,66
77,1236,88
88,1169,96
