TimeStep,Observed_mean,MC_Pred_mean,MC_Std_mean,MC_Uncertainty_Flag,VAE_Recon_Error,VAE_Anomaly_Flag,Triage_Level
0,-0.34498888,-0.24707562,0.117156565,0,0.0218797009438276,0,Normal
1,-0.34444043,-0.23321122,0.11861517,0,0.0237416010349988,0,Normal
2,-0.301211,-0.20574823,0.12136752,0,0.0329675301909446,0,Normal
3,-0.27043638,-0.20415774,0.11917921,0,0.0330243334174156,0,Normal
4,-0.2570408,-0.17763159,0.11762284,0,0.0317537486553192,0,Normal
5,-0.2691198,-0.18127431,0.11995925,0,0.0369618646800518,0,Normal
6,-0.247674,-0.17539817,0.11823431,0,0.030787831172347,0,Normal
7,-0.21057056,-0.15530811,0.1197515,0,0.0393361039459705,0,Normal
8,-0.14116898,-0.14972396,0.12046571,0,0.0705999210476875,1,Watch
9,-0.123636365,-0.13740475,0.124220096,0,0.0541896522045135,1,Advisory
10,0.0012985119,-0.13713978,0.12072436,0,0.0728790313005447,1,Watch
11,0.04271634,-0.10238863,0.12554936,0,0.060062400996685,1,Advisory
12,0.0017278588,-0.115262225,0.12421726,0,0.0518861003220081,1,Advisory
13,-0.06340328,-0.11786344,0.12810218,0,0.0409503951668739,0,Normal
14,-0.11047212,-0.16049139,0.124163285,0,0.0262552350759506,0,Normal
15,-0.16010709,-0.14495055,0.12529466,0,0.028013514354825,0,Normal
16,-0.19899435,-0.16102676,0.12452611,0,0.0298456735908985,0,Normal
17,-0.20851392,-0.16778862,0.12105012,0,0.0229483302682638,0,Normal
18,-0.20285349,-0.2159405,0.118550904,0,0.0217820536345243,0,Normal
19,-0.20673165,-0.23044601,0.11897523,0,0.0214924179017543,0,Normal
20,-0.21662281,-0.22967926,0.11672996,0,0.0204592309892177,0,Normal
21,-0.24071503,-0.23527238,0.1213744,0,0.0181093253195285,0,Normal
22,-0.25757012,-0.24573275,0.11836789,0,0.0156249152496457,0,Normal
23,-0.24895445,-0.20809142,0.11936536,0,0.0194513872265815,0,Normal
24,-0.20279117,-0.22185506,0.12292434,0,0.0195622090250253,0,Normal
25,-0.14337252,-0.19518226,0.12072986,0,0.0223209541290998,0,Normal
26,-0.12780456,-0.21862276,0.121569976,0,0.023245882242918,0,Normal
27,-0.09482783,-0.21746387,0.119755484,0,0.0267148073762655,0,Normal
28,-0.01885241,-0.2032659,0.12621263,0,0.0525099076330661,1,Advisory
29,-0.06051314,-0.20078793,0.12291941,0,0.0326802358031272,0,Normal
30,0.12474562,-0.17493804,0.12168375,1,0.080386497080326,1,Warning
31,0.5449486,-0.07283387,0.12840414,1,0.0794898495078086,1,Warning
32,0.32754254,-0.06348677,0.1279015,1,0.0520043820142746,1,Watch
33,0.19934218,-0.08124654,0.13321187,1,0.0353653281927108,0,Advisory
34,0.13854168,-0.04049171,0.12631921,0,0.02914534881711,0,Normal
35,0.12157552,-0.03293314,0.12706073,0,0.0298907309770584,0,Normal
36,0.060999054,-0.038829863,0.13341771,0,0.0264915097504854,0,Normal
37,0.02271346,-0.048774675,0.13067965,0,0.0231412407010793,0,Normal
38,0.016378397,-0.04646243,0.12901065,0,0.0219812802970409,0,Normal
39,0.06320745,-0.03163231,0.13160065,0,0.0262058433145284,0,Normal
40,0.10767634,-0.0056337384,0.1319649,0,0.0376392528414726,0,Normal
41,0.051934797,-0.021438632,0.13271241,0,0.028334928676486,0,Normal
42,0.008770403,-0.050768387,0.12612884,0,0.0216188076883554,0,Normal
43,-0.026863927,-0.061973214,0.12751861,0,0.0217800084501504,0,Normal
44,-0.026039036,-0.051920485,0.12681496,0,0.0187522862106561,0,Normal
45,-0.0034100187,-0.04817074,0.12839103,0,0.0204240176826715,0,Normal
46,-0.020178964,-0.0600024,0.12522337,0,0.0230144094675779,0,Normal
47,-0.050307825,-0.07980459,0.12611319,0,0.0208834744989871,0,Normal
48,-0.07184421,-0.07736795,0.12544999,0,0.015577120706439,0,Normal
49,-0.09293443,-0.0993475,0.124548845,0,0.0202750507742166,0,Normal
50,-0.11491175,-0.087594576,0.12272916,0,0.0238379277288913,0,Normal
51,0.26010352,-0.033767246,0.12752469,1,0.0399516299366951,0,Advisory
52,0.18356223,-0.013573061,0.13526888,0,0.0260319150984287,0,Normal
53,0.14787237,-0.03290582,0.1329648,0,0.0250198151916265,0,Normal
54,0.11868272,0.00043119348,0.13500145,0,0.0285705458372831,0,Normal
55,0.076298214,-0.07000865,0.12976034,0,0.0334165059030056,0,Normal
56,0.03269679,-0.026754295,0.13402964,0,0.0228993222117424,0,Normal
57,-0.02470712,-0.083895534,0.13084407,0,0.0258835349231958,0,Normal
58,-0.051732812,-0.08538709,0.13054124,0,0.0165401734411716,0,Normal
59,-0.018507982,-0.075550936,0.13049898,0,0.0223464965820312,0,Normal
60,0.02049229,0.028699122,0.13855322,0,0.0279387719929218,0,Normal
61,0.044602625,-0.06497279,0.13255918,0,0.027899956330657,0,Normal
62,0.14857675,-0.002078037,0.13863581,0,0.0376840271055698,0,Normal
63,0.060687263,-0.07381124,0.12946635,0,0.0238475538790226,0,Normal
64,0.019646775,-0.09846658,0.13299991,0,0.0270903278142213,0,Normal
65,0.008447431,-0.02744459,0.13287528,0,0.0211098082363605,0,Normal
66,-0.020472463,-0.053174473,0.12979035,0,0.0263883490115404,0,Normal
67,-0.04481326,-0.08519146,0.12967801,0,0.0215908326208591,0,Normal
68,-0.072900005,-0.07000405,0.1302887,0,0.0227119736373424,0,Normal
69,-0.088032775,-0.09387588,0.12556762,0,0.0230289362370967,0,Normal
70,-0.10054967,-0.091591895,0.1267974,0,0.0249713044613599,0,Normal
71,-0.11394048,-0.08278334,0.12575687,0,0.0211523883044719,0,Normal
72,-0.13111238,-0.06608128,0.12409121,0,0.0202680919319391,0,Normal
73,-0.13165359,-0.06346399,0.12284104,0,0.0211797524243593,0,Normal
74,-0.12925826,-0.080349214,0.124332905,0,0.0208769142627716,0,Normal
75,-0.13799042,-0.049529146,0.12693325,0,0.0160433426499366,0,Normal
76,-0.14700764,-0.08763424,0.12491752,0,0.0165369100868701,0,Normal
77,-0.1482287,-0.08652667,0.12309743,0,0.0165716372430324,0,Normal
78,-0.15025705,-0.08809402,0.122649044,0,0.0171059630811214,0,Normal
79,-0.1468471,-0.09025339,0.12228574,0,0.0173835847526788,0,Normal
80,-0.14375491,-0.092691965,0.12845802,0,0.0175618808716535,0,Normal
81,-0.14935708,-0.087117754,0.12556088,0,0.016897102817893,0,Normal
82,-0.16104159,-0.09678116,0.12671612,0,0.0166088212281465,0,Normal
83,-0.17735441,-0.08471344,0.1295057,0,0.0172483529895544,0,Normal
84,-0.17429681,-0.07823703,0.12541312,0,0.0162552166730165,0,Normal
85,-0.08839106,-0.010096088,0.12921147,0,0.0289987716823816,0,Normal
86,-0.11732867,-0.011356522,0.13048649,0,0.0263258907943964,0,Normal
87,-0.10580122,-0.00060420105,0.13147064,0,0.0274463389068841,0,Normal
88,-0.08756055,0.014809071,0.1337343,0,0.0183448661118745,0,Normal
89,-0.08269778,0.009499858,0.13436592,0,0.018464246764779,0,Normal
90,-0.03784765,0.055135373,0.1345785,0,0.0207975804805755,0,Normal
91,0.022790086,0.062145453,0.13323133,0,0.0260021109133958,0,Normal
92,0.013210856,0.077695236,0.1309633,0,0.0245098732411861,0,Normal
93,0.006898858,0.07091249,0.13586754,0,0.0235714800655841,0,Normal
94,0.03314653,0.07324436,0.13199694,0,0.0212664660066366,0,Normal
95,0.036624044,0.08950765,0.13283339,0,0.0219536572694778,0,Normal
96,0.026631005,0.08663121,0.1307606,0,0.0276008956134319,0,Normal
97,0.018099511,0.0951962,0.13199176,0,0.0206807181239128,0,Normal
98,-0.0018752222,0.081310265,0.1315918,0,0.015930201858282,0,Normal
99,-0.03499418,0.059319727,0.1267259,0,0.0143820410594344,0,Normal
100,-0.072991304,0.03566797,0.12594144,0,0.0161891300231218,0,Normal
101,-0.06915193,0.010322531,0.12608466,0,0.0131257493048906,0,Normal
102,-0.04959331,-0.0063846908,0.12244913,0,0.0213448107242584,0,Normal
103,-0.02156719,-0.0026484143,0.122979805,0,0.0197215937077999,0,Normal
104,0.0133789135,0.022955276,0.12490612,0,0.0211674366146326,0,Normal
105,-0.022910276,-0.008863089,0.11972386,0,0.0249789394438266,0,Normal
106,-0.0130420895,-0.008523723,0.12165544,0,0.0207180343568325,0,Normal
107,0.08630889,-0.009436306,0.12013357,0,0.0625160783529281,1,Advisory
108,0.25449628,0.04861552,0.12791166,0,0.0554529055953025,1,Advisory
109,0.19184877,0.022668809,0.12139058,0,0.0555997304618358,1,Advisory
110,0.10994754,-0.0011608283,0.124383844,0,0.0507638491690158,1,Advisory
111,0.076853864,-0.025391007,0.11832667,0,0.0358959138393402,0,Normal
112,0.05806885,-0.020435255,0.12505148,0,0.0332661718130111,0,Normal
113,0.059170455,-0.006240936,0.12702811,0,0.0282641425728797,0,Normal
114,0.064203456,0.049762893,0.12321545,0,0.0260401051491498,0,Normal
115,0.019619994,0.0026444767,0.12387336,0,0.0252524726092815,0,Normal
116,0.012579672,0.013232971,0.12452689,0,0.0213204026222229,0,Normal
117,0.037975382,0.077047035,0.12341037,0,0.0274123325943946,0,Normal
118,0.017419973,0.062598065,0.1239448,0,0.025504782795906,0,Normal
119,-0.011875407,0.06594721,0.12558486,0,0.0250070821493864,0,Normal
120,-0.02631602,0.07637448,0.12885432,0,0.0359518490731716,0,Normal
121,-0.008145427,0.10196087,0.13003731,0,0.0362195037305355,0,Normal
122,0.058282696,0.16930243,0.13075505,0,0.0656737834215164,1,Advisory
123,0.027370602,0.14935699,0.13047864,0,0.0451700426638126,0,Normal
124,0.06586076,0.18601811,0.13053004,0,0.046777606010437,1,Advisory
125,0.00028474504,0.15041094,0.12891759,0,0.0370789319276809,0,Normal
126,-0.009702743,0.1423587,0.13154218,0,0.0381400361657142,0,Normal
127,-0.010642245,0.14686114,0.12981498,0,0.0310306288301944,0,Normal
128,-0.008467442,0.1379171,0.12864858,0,0.0316286385059356,0,Normal
129,0.006365779,0.12380838,0.13272436,0,0.029175441712141,0,Normal
130,0.021691944,0.124452874,0.12753306,0,0.028353713452816,0,Normal
131,0.032127663,0.13627683,0.13190363,0,0.0248706061393022,0,Normal
132,0.09801771,0.12373793,0.13077858,0,0.0344104021787643,0,Normal
133,0.30385998,0.20774645,0.13358103,0,0.1202763617038726,1,Warning
134,0.3452755,0.24587248,0.1393656,0,0.0914432480931282,1,Watch
135,0.24561699,0.24673347,0.13742903,0,0.0624024458229541,1,Advisory
136,0.1446881,0.20651825,0.13942733,0,0.041726779192686,0,Normal
137,0.12844464,0.21675584,0.13378309,0,0.0391580909490585,0,Normal
138,0.07517702,0.18121636,0.1334429,0,0.0372413136065006,0,Normal
139,0.10511074,0.18186352,0.13607705,0,0.0404728315770626,0,Normal
140,0.14725938,0.25719035,0.13693239,0,0.0449737831950187,0,Normal
141,0.07758247,0.19166888,0.13776456,0,0.0368635728955268,0,Normal
142,0.09052866,0.20748481,0.13561365,0,0.033423013985157,0,Normal
143,0.14847186,0.205982,0.13871673,0,0.0362360104918479,0,Normal
144,0.3117924,0.30858633,0.14345257,0,0.050470657646656,1,Advisory
145,0.26395506,0.28932062,0.14056763,0,0.0401204675436019,0,Normal
146,0.182042,0.2663522,0.13931148,0,0.0308352448046207,0,Normal
147,0.178068,0.22956893,0.1364372,0,0.0287408418953418,0,Normal
148,0.22585611,0.21669824,0.13798127,0,0.0298032574355602,0,Normal
149,0.27798223,0.24390402,0.13735378,0,0.0517993345856666,1,Advisory
150,0.40053573,0.2911649,0.1411062,0,0.0928148254752159,1,Watch
151,0.40498468,0.26680216,0.14223032,0,0.079047717154026,1,Watch
152,0.57390827,0.2694945,0.13818267,1,0.1482587307691574,1,Severe Warning
153,0.46841314,0.2708971,0.1350866,0,0.0809547454118728,1,Watch
154,0.40353677,0.26033035,0.13906594,0,0.050250943750143,1,Advisory
155,0.39229938,0.26826525,0.1410079,0,0.0506555773317813,1,Advisory
156,0.44137785,0.26798213,0.14181937,0,0.0528843887150287,1,Advisory
157,0.4121421,0.27317083,0.13866548,0,0.044635072350502,0,Normal
158,0.34136307,0.24147524,0.13220677,0,0.0279807243496179,0,Normal
159,0.3914847,0.21591164,0.13153395,0,0.0514808185398578,1,Advisory
160,0.52321273,0.26083374,0.13588133,0,0.0668170675635337,1,Advisory
161,0.47251374,0.27817342,0.14220004,0,0.0556798800826072,1,Advisory
162,0.36653513,0.23960188,0.13121189,0,0.0422240905463695,0,Normal
163,0.34960744,0.26684505,0.13559434,0,0.0413371659815311,0,Normal
164,0.3820266,0.23906192,0.13228355,0,0.0465069338679313,1,Advisory
165,0.4342087,0.26467642,0.13495371,0,0.0463871136307716,1,Advisory
166,0.4825677,0.28059736,0.13723467,0,0.0497102737426757,1,Advisory
167,0.43080667,0.26692694,0.1338852,0,0.0398677475750446,0,Normal
168,0.62478715,0.29936972,0.1368798,1,0.0565877631306648,1,Watch
169,0.49744874,0.30023098,0.13575968,0,0.038848653435707,0,Normal
170,0.5035369,0.2884707,0.13841741,0,0.0516359098255634,1,Advisory
171,0.49188957,0.29812273,0.13214044,0,0.0473471023142337,1,Advisory
172,0.38789895,0.26964942,0.13787593,0,0.0347543805837631,0,Normal
173,0.34775802,0.26419833,0.13828419,0,0.0306422095745801,0,Normal
174,0.30801666,0.24058355,0.1393149,0,0.026598010212183,0,Normal
175,0.2978523,0.23588552,0.14110693,0,0.0354853123426437,0,Normal
176,0.3987859,0.22716571,0.14011173,0,0.0657172501087188,1,Advisory
177,0.45206705,0.27562836,0.13731287,0,0.0690464973449707,1,Watch
178,0.48389164,0.25147483,0.14053732,0,0.0616543740034103,1,Advisory
179,0.32280663,0.22820443,0.13859646,0,0.0369625054299831,0,Normal
180,0.25461954,0.18949558,0.13824263,0,0.0307662207633256,0,Normal
181,0.27973494,0.1911698,0.14028402,0,0.0295815467834472,0,Normal
182,0.26220018,0.1984137,0.14084606,0,0.0226074829697608,0,Normal
183,0.25933018,0.16520368,0.13622934,0,0.0321409367024898,0,Normal
184,0.30210528,0.19704132,0.14221612,0,0.0406754724681377,0,Normal
185,0.20969042,0.15371779,0.13663988,0,0.0276969335973262,0,Normal
186,0.16628739,0.15197116,0.1386299,0,0.024927482008934,0,Normal
187,0.13838151,0.12290868,0.1357929,0,0.0230039693415164,0,Normal
188,0.09975975,0.11335613,0.14155719,0,0.0238935332745313,0,Normal
189,0.07719802,0.09372387,0.1379439,0,0.0217813607305288,0,Normal
190,0.059511643,0.0931788,0.1401038,0,0.0205653570592403,0,Normal
191,0.039279867,0.08257741,0.13376406,0,0.0215462837368249,0,Normal
192,0.10305798,0.070122354,0.13757059,0,0.0225992575287818,0,Normal
193,0.34826785,0.089152716,0.13559678,0,0.0608120821416378,1,Advisory
194,0.48014367,0.18741743,0.14607203,1,0.0520785488188266,1,Watch
195,0.6320371,0.19967015,0.14430553,1,0.0670536234974861,1,Watch
196,0.44829565,0.1970768,0.14289583,0,0.0439967438578605,0,Normal
197,0.28980336,0.174751,0.14041968,0,0.032633900642395,0,Normal
198,0.21295649,0.16513334,0.1404113,0,0.0292429607361555,0,Normal
199,0.1999842,0.18052433,0.1386361,0,0.0338873378932476,0,Normal
200,0.15925391,0.16578513,0.14142619,0,0.0302229523658752,0,Normal
201,0.12087995,0.13552053,0.13964538,0,0.0274633467197418,0,Normal
202,0.11377004,0.109922975,0.13553332,0,0.0252354722470045,0,Normal
203,0.1155239,0.12535094,0.13154906,0,0.0213144980370998,0,Normal
204,0.119993046,0.105987325,0.13818756,0,0.0313891656696796,0,Normal
205,0.15399246,0.15709043,0.13803925,0,0.0379335656762123,0,Normal
206,0.17855284,0.11602553,0.13451287,0,0.0272912327200174,0,Normal
207,0.20810202,0.13606316,0.13577265,0,0.0384026803076267,0,Normal
208,0.21267495,0.121575244,0.1299431,0,0.0353663489222526,0,Normal
209,0.20893767,0.1252297,0.1304217,0,0.0375866368412971,0,Normal
210,0.13209218,0.086268485,0.13241573,0,0.0231531225144863,0,Normal
211,0.084229074,0.0683225,0.1329027,0,0.0224995855242013,0,Normal
212,0.10432982,0.058904856,0.13086174,0,0.0195072684437036,0,Normal
213,0.14963946,0.12869222,0.13279025,0,0.0235060527920722,0,Normal
214,0.0756595,0.072441675,0.13119592,0,0.0168828554451465,0,Normal
215,0.05491492,0.08712313,0.13007528,0,0.018943091854453,0,Normal
216,0.039848417,0.050334476,0.1306474,0,0.0204889141023159,0,Normal
217,0.5196605,0.10207577,0.13091339,1,0.0770689696073532,1,Warning
218,0.4276347,0.22371468,0.14006117,0,0.0445346422493457,0,Normal
219,0.2337047,0.1596829,0.13373859,0,0.035598587244749,0,Normal
220,0.15354627,0.15019439,0.13423716,0,0.0260528847575187,0,Normal
221,0.24429135,0.09530272,0.13114983,0,0.0294503923505544,0,Normal
222,0.32922527,0.22208373,0.14247978,0,0.0360698960721492,0,Normal
223,0.24675786,0.21053071,0.13975732,0,0.0253849420696496,0,Normal
224,0.1753779,0.18704988,0.13579185,0,0.0229478646069765,0,Normal
225,0.13992351,0.16337459,0.13516958,0,0.0203998405486345,0,Normal
226,0.084320284,0.13322175,0.13467324,0,0.0217772889882326,0,Normal
227,0.06796769,0.12806009,0.13576914,0,0.0164287108927965,0,Normal
228,0.050879493,0.13867067,0.13597134,0,0.016154995188117,0,Normal
229,0.040465645,0.10071385,0.13342822,0,0.0173537991940975,0,Normal
230,0.042942423,0.079733595,0.13299789,0,0.0263306871056556,0,Normal
231,0.043871745,0.081257455,0.13278572,0,0.0212990753352642,0,Normal
232,0.0037663612,0.049228735,0.13319218,0,0.0211101435124874,0,Normal
233,0.07503249,0.12564641,0.13524245,0,0.0191300883889198,0,Normal
234,0.04603578,0.123876944,0.13572729,0,0.0158722773194313,0,Normal
235,0.001345792,0.069371074,0.13469152,0,0.0156596340239048,0,Normal
236,-0.02701351,0.037053637,0.13092461,0,0.0137403793632984,0,Normal
237,-0.04654803,0.0024294977,0.13097307,0,0.0147256581112742,0,Normal
238,-0.06289244,-0.0065128547,0.13050465,0,0.0144769866019487,0,Normal
239,-0.08629378,-0.0057376917,0.1309341,0,0.0244046673178672,0,Normal
240,-0.09441988,-0.010970826,0.13152689,0,0.0150063410401344,0,Normal
241,-0.0092370575,-0.01929507,0.13319074,0,0.0260413419455289,0,Normal
242,-0.026483266,0.012825498,0.13308887,0,0.0186176393181085,0,Normal
243,-0.07298352,-0.008589079,0.12977956,0,0.0204871259629726,0,Normal
244,-0.07473928,-0.0034481215,0.13041236,0,0.0159795135259628,0,Normal
245,-0.093818575,0.021079354,0.1312969,0,0.0181626100093126,0,Normal
246,-0.12550376,-0.009673199,0.13203147,0,0.0172979701310396,0,Normal
247,-0.14202827,-0.0073553943,0.1263256,0,0.020629096776247,0,Normal
248,0.006894076,0.031084808,0.13138334,0,0.0382609330117702,0,Normal
249,0.021255797,0.05500599,0.13470379,0,0.0339930653572082,0,Normal
250,-0.052226543,0.04023256,0.13272561,0,0.0189863052219152,0,Normal
251,-0.08832751,0.0019340626,0.13084668,0,0.0182984694838523,0,Normal
252,-0.10972401,-0.026155775,0.13022459,0,0.0186091884970664,0,Normal
253,-0.13750395,-0.040446628,0.12705344,0,0.0178776104003191,0,Normal
254,-0.14391707,-0.05152268,0.12835059,0,0.0198429021984338,0,Normal
255,-0.13663211,-0.04860407,0.12488138,0,0.0156001662835478,0,Normal
256,-0.14913566,-0.0789792,0.12191887,0,0.0254248827695846,0,Normal
257,-0.17208093,-0.102559894,0.124316715,0,0.028931014239788,0,Normal
258,-0.18601306,-0.11568853,0.12391147,0,0.0143277011811733,0,Normal
259,-0.17927036,-0.1288845,0.121275276,0,0.0270480588078498,0,Normal
260,0.11782762,-0.08274431,0.12520297,0,0.0585523657500743,1,Advisory
261,0.11338278,-0.004310475,0.124509454,0,0.0673061236739158,1,Advisory
262,0.20669961,-0.022809781,0.122726105,0,0.0491621606051921,1,Advisory
263,0.14500596,-0.01737132,0.12505262,0,0.0462668575346469,1,Advisory
264,0.0250473,-0.051518228,0.11748464,0,0.0256935022771358,0,Normal
265,-0.04385793,-0.073577225,0.12143924,0,0.0214521214365959,0,Normal
266,-0.09013284,-0.09309965,0.119452536,0,0.0184461940079927,0,Normal
267,-0.13208842,-0.10576029,0.122502424,0,0.015698991715908,0,Normal
268,-0.15817678,-0.13530087,0.12469051,0,0.0203134510666131,0,Normal
269,-0.15317029,-0.1403894,0.120452955,0,0.0142271928489208,0,Normal
270,-0.13936661,-0.14309949,0.119387574,0,0.0216263476759195,0,Normal
271,-0.16129185,-0.14044428,0.12425298,0,0.0225461516529321,0,Normal
272,-0.18955533,-0.1531888,0.124728836,0,0.0201912429183721,0,Normal
273,-0.18916781,-0.15337549,0.12617944,0,0.0164987947791814,0,Normal
274,-0.212685,-0.1641767,0.1224273,0,0.0153711587190628,0,Normal
275,-0.19338383,-0.15865755,0.117209345,0,0.0207168869674205,0,Normal
276,-0.17093155,-0.11110047,0.12142649,0,0.0173815917223691,0,Normal
277,-0.1564879,-0.13306677,0.12097776,0,0.023100821301341,0,Normal
278,-0.17449202,-0.11620123,0.12187332,0,0.0239239931106567,0,Normal
279,-0.18014118,-0.14180432,0.12239249,0,0.0189202651381492,0,Normal
280,-0.17679326,-0.14405932,0.120690875,0,0.0226674657315015,0,Normal
281,-0.20497662,-0.15132666,0.12393593,0,0.0163622125983238,0,Normal
282,-0.22144209,-0.14434975,0.11995252,0,0.0142620420083403,0,Normal
283,-0.20844446,-0.15852398,0.11892013,0,0.0207811500877141,0,Normal
284,-0.21850331,-0.1595685,0.1208579,0,0.0183204542845487,0,Normal
285,-0.21642372,-0.1593389,0.11923622,0,0.0153478700667619,0,Normal
286,-0.22995204,-0.16554059,0.11919031,0,0.0142805827781558,0,Normal
287,-0.20757677,-0.17111221,0.12208064,0,0.0216592196375131,0,Normal
288,-0.18922795,-0.16744818,0.12230103,0,0.0216033663600683,0,Normal
289,-0.22714764,-0.14974482,0.12249868,0,0.020253449678421,0,Normal
290,-0.22656082,-0.16772999,0.12067674,0,0.018912985920906,0,Normal
291,-0.16464421,-0.15107484,0.12327507,0,0.0207300018519163,0,Normal
292,-0.1488586,-0.11339339,0.12265275,0,0.0210453420877456,0,Normal
293,-0.1296661,-0.09115397,0.123381935,0,0.0213902462273836,0,Normal
294,-0.14920107,-0.09509368,0.1215546,0,0.0231950264424085,0,Normal
295,-0.18947694,-0.08899696,0.12508553,0,0.0175112709403038,0,Normal
296,-0.21074073,-0.11700428,0.12015256,0,0.0121360151097178,0,Normal
297,-0.18700995,-0.105714016,0.12245822,0,0.0143057303503155,0,Normal
298,-0.11144256,-0.10676059,0.12097666,0,0.0248222686350345,0,Normal
299,-0.04646678,-0.018268486,0.12675495,0,0.0268016327172517,0,Normal
300,-0.11707859,-0.043419898,0.12320088,0,0.0211558137089014,0,Normal
301,-0.16350995,-0.06118805,0.124132074,0,0.0209555067121982,0,Normal
302,-0.19479868,-0.09112663,0.12054523,0,0.0138957817107439,0,Normal
303,-0.2190528,-0.08840714,0.11986178,0,0.0133110331371426,0,Normal
304,-0.23403473,-0.09635085,0.118191846,0,0.0231739878654479,0,Normal
305,-0.25144526,-0.0949684,0.12134753,0,0.0158065725117921,0,Normal
306,-0.24754132,-0.10692793,0.12010449,0,0.0188907347619533,0,Normal
307,-0.22971925,-0.080287494,0.12045043,0,0.0161701086908578,0,Normal
308,-0.23525023,-0.09739486,0.11984719,0,0.0218640118837356,0,Normal
309,-0.25495857,-0.09758429,0.12054882,0,0.0196251608431339,0,Normal
310,-0.1165278,-0.06296117,0.12085596,0,0.0311842281371355,0,Normal
311,-0.0753633,-0.002447012,0.123893745,0,0.0326010212302207,0,Normal
312,-0.12677874,-0.0440962,0.12287529,0,0.0368852540850639,0,Normal
313,-0.1717914,-0.06518128,0.11853735,0,0.0220042914152145,0,Normal
314,-0.12872332,-0.089657634,0.11646445,0,0.0290216840803623,0,Normal
315,-0.033646166,-0.04612347,0.12090576,0,0.041153073310852,0,Normal
316,-0.049767617,-0.0041529764,0.120216504,0,0.0313297659158706,0,Normal
317,-0.11712534,-0.035153564,0.12238337,0,0.0265259910374879,0,Normal
318,-0.15577205,-0.076473214,0.12116475,0,0.0253651179373264,0,Normal
319,-0.17979816,-0.102324486,0.12192108,0,0.0195396654307842,0,Normal
320,-0.024101006,-0.0864545,0.1206557,0,0.0359635725617408,0,Normal
321,0.12114266,0.008687174,0.12416869,0,0.0374414399266243,0,Normal
322,0.038088396,-0.017945044,0.12482912,0,0.0278438441455364,0,Normal
323,0.059625696,-0.008804224,0.12381636,0,0.0482385642826557,1,Advisory
324,0.028694214,0.029725296,0.12833054,0,0.0401082709431648,0,Normal
325,-0.02531593,-0.008535266,0.124684826,0,0.0298265945166349,0,Normal
326,-0.048128262,-0.0037605092,0.12956442,0,0.0269626937806606,0,Normal
327,-0.06397404,-0.027790185,0.12551542,0,0.0215901564806699,0,Normal
328,-0.10196194,-0.036278285,0.12578596,0,0.0187462102621793,0,Normal
329,-0.12507178,-0.04055053,0.122749284,0,0.0138556249439716,0,Normal
330,-0.1499744,-0.047749206,0.12520966,0,0.0205443743616342,0,Normal
331,-0.17894807,-0.052837715,0.12384298,0,0.020587857812643,0,Normal
332,-0.17768663,-0.04133313,0.12036841,0,0.0188414100557565,0,Normal
333,-0.19294912,-0.06870683,0.1199569,0,0.0172671191394329,0,Normal
334,-0.20740293,-0.07754927,0.12028541,0,0.0160951633006334,0,Normal
335,-0.22751896,-0.08638998,0.11903629,0,0.0210514906793832,0,Normal
336,-0.22951247,-0.10481507,0.11785745,0,0.0286780167371034,0,Normal
337,-0.24020518,-0.11163215,0.117780805,0,0.0168425422161817,0,Normal
338,-0.25496048,-0.13794269,0.11780621,0,0.0200005006045103,0,Normal
339,-0.23620875,-0.15599135,0.11449748,0,0.032802477478981,0,Normal
340,-0.24501696,-0.17468058,0.11706992,0,0.0208436287939548,0,Normal
341,-0.27318963,-0.18158855,0.11728124,0,0.0248957108706235,0,Normal
342,-0.2745284,-0.2001288,0.11490513,0,0.016222883015871,0,Normal
343,-0.27576295,-0.19860615,0.11663396,0,0.0156353991478681,0,Normal
344,-0.28508613,-0.2028183,0.1158225,0,0.0137173812836408,0,Normal
345,-0.29852524,-0.20861208,0.12030162,0,0.0123328752815723,0,Normal
346,-0.25019455,-0.20279305,0.116787896,0,0.0247990135103464,0,Normal
347,-0.24345051,-0.18548647,0.1162252,0,0.0345401652157306,0,Normal
348,-0.25316525,-0.20115569,0.11658854,0,0.0233541186898946,0,Normal
349,-0.26562935,-0.19917622,0.11750777,0,0.0247297286987304,0,Normal
350,-0.27655566,-0.20580277,0.11344302,0,0.0222344025969505,0,Normal
351,-0.30059463,-0.20713806,0.11370815,0,0.0200894549489021,0,Normal
352,-0.30698356,-0.20738646,0.1147289,0,0.0163176730275154,0,Normal
353,-0.29107422,-0.19024321,0.11381665,0,0.0217570569366216,0,Normal
354,-0.28850845,-0.19548355,0.11277017,0,0.022577054798603,0,Normal
355,-0.29235286,-0.2005138,0.11426288,0,0.028190828859806,0,Normal
356,-0.31157985,-0.19735059,0.113946006,0,0.0239125769585371,0,Normal
357,-0.33323887,-0.19142032,0.11431723,0,0.0219730306416749,0,Normal
358,-0.35416344,-0.1910269,0.11293126,0,0.0255104396492242,0,Normal
359,-0.3208142,-0.17520928,0.114038005,0,0.0365851186215877,0,Normal
360,-0.28973874,-0.1668126,0.11449636,0,0.0347409360110759,0,Normal
361,-0.2725725,-0.14713117,0.113764375,0,0.0262113306671381,0,Normal
362,-0.29182094,-0.16842002,0.11361402,0,0.0301790554076433,0,Normal
363,-0.30791506,-0.16637297,0.11822795,0,0.02525494992733,0,Normal
364,-0.33120894,-0.17609866,0.11520073,0,0.0242549609392881,0,Normal
365,-0.3428166,-0.1838632,0.11257443,0,0.0244750156998634,0,Normal
366,-0.34847695,-0.19183908,0.11472537,0,0.0209150686860084,0,Normal
367,-0.3312867,-0.20005424,0.11306788,0,0.0199077371507883,0,Normal
368,-0.35149893,-0.18985651,0.1132307,0,0.0261743906885385,0,Normal
369,-0.342741,-0.20284866,0.11347304,0,0.0260297544300556,0,Normal
370,-0.33235866,-0.15648447,0.11374963,0,0.020851818844676,0,Normal
371,-0.3450363,-0.186834,0.11655917,0,0.0323661006987094,0,Normal
372,-0.3414959,-0.21179464,0.112808645,0,0.0266039259731769,0,Normal
373,-0.33778712,-0.21073498,0.11331375,0,0.0289230681955814,0,Normal
374,-0.31859574,-0.17495361,0.11199714,0,0.0297214686870574,0,Normal
375,-0.32870916,-0.199727,0.1149719,0,0.0340462364256382,0,Normal
376,-0.34013346,-0.20575829,0.11385224,0,0.0274529140442609,0,Normal
377,-0.30407077,-0.19189568,0.112801105,0,0.0258504431694746,0,Normal
378,-0.24507834,-0.15444812,0.11604202,0,0.0388067178428173,0,Normal
379,-0.28479263,-0.15422776,0.115986004,0,0.0344052016735076,0,Normal
380,-0.3198141,-0.14387126,0.113813505,0,0.0263552665710449,0,Normal
381,-0.2966392,-0.1740306,0.11810255,0,0.0323351956903934,0,Normal
382,-0.3001694,-0.18909414,0.118485846,0,0.0299933794885873,0,Normal
383,-0.3185854,-0.19106445,0.1165935,0,0.0359465554356575,0,Normal
384,-0.31865442,-0.19468017,0.11954266,0,0.0363410636782646,0,Normal
385,-0.31148157,-0.20142557,0.118777245,0,0.0353036597371101,0,Normal
386,-0.3436437,-0.20014215,0.11958571,0,0.0435535572469234,0,Normal
387,-0.362239,-0.19773212,0.1178897,0,0.0329523012042045,0,Normal
388,-0.31998587,-0.19127887,0.11935212,0,0.041166391223669,0,Normal
389,-0.31077084,-0.18909824,0.11769732,0,0.0412943810224533,0,Normal
390,-0.31666565,-0.18976794,0.11917932,0,0.0447341129183769,0,Normal
391,-0.33966613,-0.18827139,0.1183178,0,0.0354977771639823,0,Normal
392,-0.34627914,-0.16830546,0.11897197,0,0.0287142060697078,0,Normal
393,-0.35719967,-0.16710746,0.118842274,0,0.0271669756621122,0,Normal
394,-0.36814356,-0.16287659,0.11996304,0,0.0304317809641361,0,Normal
395,-0.3403919,-0.15410268,0.11936371,0,0.0294325798749923,0,Normal
396,-0.17820223,-0.13424684,0.12252839,0,0.0723113045096397,1,Watch
397,-0.086983934,-0.06463854,0.12348191,0,0.0828370079398155,1,Watch
398,-0.14924307,-0.08269214,0.122158095,0,0.0675847381353378,1,Advisory
399,-0.15800056,-0.06024221,0.120472685,0,0.0435250662267208,0,Normal
400,-0.17927696,-0.058303647,0.120675325,0,0.0465639643371105,1,Advisory
401,-0.17108193,-0.063225344,0.11865472,0,0.0370757281780242,0,Normal
402,-0.16344014,-0.0675695,0.12261567,0,0.0273885298520326,0,Normal
403,-0.1987222,-0.057418678,0.118828,0,0.037454068660736,0,Normal
404,-0.2019334,-0.067655884,0.120881684,0,0.0231523234397172,0,Normal
405,-0.2210871,-0.07749888,0.11819431,0,0.0219601020216941,0,Normal
406,-0.26248258,-0.09051381,0.11699764,0,0.0233154669404029,0,Normal
407,-0.2888509,-0.08296116,0.120357305,0,0.0246244855225086,0,Normal
408,-0.30455434,-0.07629033,0.11777921,0,0.0230542197823524,0,Normal
409,-0.30909446,-0.07320295,0.11692282,1,0.0304220933467149,0,Advisory
410,-0.30668667,-0.08085672,0.11874292,0,0.0223952624946832,0,Normal
411,-0.30453712,-0.08522976,0.11767432,0,0.0251019969582557,0,Normal
412,-0.309408,-0.077855356,0.117795505,1,0.0244226660579442,0,Advisory
413,-0.22871651,-0.07373744,0.11704375,0,0.0384305492043495,0,Normal
414,-0.16686808,-0.030880991,0.12179873,0,0.0348370000720024,0,Normal
415,-0.2068311,-0.066251084,0.11904349,0,0.0284472629427909,0,Normal
416,-0.21295485,-0.08891967,0.11817793,0,0.0279584694653749,0,Normal
417,0.023974057,-0.06925494,0.12069163,0,0.0728887990117073,1,Watch
418,0.17974333,0.0111382585,0.12638785,0,0.0566701479256153,1,Advisory
419,0.089770414,-0.016291596,0.123877525,0,0.0329673066735267,0,Normal
420,0.02627157,-0.02073793,0.12136603,0,0.0293425861746072,0,Normal
421,-0.06792635,-0.047455598,0.12436456,0,0.0229434669017791,0,Normal
422,-0.12936644,-0.08382584,0.122644,0,0.0299297515302896,0,Normal
423,-0.1528609,-0.06812543,0.12022455,0,0.0224117320030927,0,Normal
424,-0.12058559,-0.07525502,0.123663835,0,0.0191066283732652,0,Normal
425,-0.07478107,-0.048860535,0.124698386,0,0.0296573601663112,0,Normal
426,0.020524751,-0.06849294,0.12283785,0,0.0463755801320076,1,Advisory
427,-0.036034007,-0.049976166,0.12211122,0,0.03737498447299,0,Normal
428,-0.07065606,-0.08535969,0.12336356,0,0.0335968509316444,0,Normal
429,-0.09155018,-0.07596753,0.12157144,0,0.0352184101939201,0,Normal
430,-0.09888592,-0.08580955,0.12293588,0,0.0237760245800018,0,Normal
431,-0.056027837,-0.07409038,0.12138203,0,0.0312964059412479,0,Normal
432,-0.07386773,-0.06941205,0.12599051,0,0.0262639932334423,0,Normal
433,0.2674791,-0.05242566,0.12358446,1,0.0745238587260246,1,Warning
434,0.33941978,0.042294443,0.12693119,1,0.0549465529620647,1,Watch
435,0.13317437,-0.012982828,0.1285652,0,0.0421024300158023,0,Normal
436,0.03831653,-0.026948884,0.12689365,0,0.0387495756149292,0,Normal
437,-0.009838148,-0.077631086,0.12503114,0,0.0283726323395967,0,Normal
438,-0.039622426,-0.08981708,0.123404995,0,0.0232191290706396,0,Normal
439,-0.06478223,-0.080108374,0.12022316,0,0.0206639748066663,0,Normal
440,-0.08099998,-0.07730296,0.12156179,0,0.0180604364722967,0,Normal
441,-0.08202215,-0.07982993,0.12717827,0,0.0190838370472192,0,Normal
442,0.051813517,-0.061808694,0.12370713,0,0.0312199369072914,0,Normal
443,0.32178923,0.017549898,0.12561348,1,0.0602624788880348,1,Watch
444,0.19964294,0.028653791,0.13007341,0,0.0281890649348497,0,Normal
445,0.12332203,0.020849485,0.12507708,0,0.0227934755384922,0,Normal
446,0.10496973,0.01697387,0.12991773,0,0.0254888962954282,0,Normal
447,0.067350715,0.049155723,0.12835918,0,0.0215201489627361,0,Normal
448,0.024847636,0.031483836,0.12745003,0,0.0162142310291528,0,Normal
449,-0.007993196,0.03364136,0.12876037,0,0.0159196052700281,0,Normal
450,-0.027590716,0.0089933425,0.13012084,0,0.012927433475852,0,Normal
451,-0.044368047,0.0030354112,0.12570384,0,0.0169224217534065,0,Normal
452,-0.062495776,0.0073268088,0.12784517,0,0.0142230438068509,0,Normal
453,-0.07415979,0.027063826,0.13085087,0,0.0155862784013152,0,Normal
454,-0.07628669,0.03653174,0.12723158,0,0.0144505202770233,0,Normal
455,-0.07693194,0.05029649,0.12637232,0,0.0174872893840074,0,Normal
456,-0.079132795,0.045163047,0.12884489,0,0.023751201108098,0,Normal
457,-0.0993868,0.033363115,0.1264738,0,0.0167315937578678,0,Normal
458,-0.079836726,0.031796817,0.12578876,0,0.0198129601776599,0,Normal
459,-0.03589919,0.053500045,0.12225008,0,0.0239948276430368,0,Normal
460,-0.08144921,0.058296036,0.1231392,0,0.0168913062661886,0,Normal
461,-0.10619957,0.020143935,0.12324221,0,0.0190722458064556,0,Normal
462,-0.13329145,0.0019870938,0.12102616,0,0.0184757225215435,0,Normal
463,-0.14642835,-0.014944405,0.122844666,0,0.0173547249287366,0,Normal
464,-0.15002929,-0.025952658,0.12452597,0,0.0207689870148897,0,Normal
465,-0.13061179,-0.032904804,0.12128548,0,0.0202421098947525,0,Normal
466,-0.113580875,-0.04005158,0.121007405,0,0.0179836768656969,0,Normal
467,-0.14636526,-0.037122495,0.11956995,0,0.0195813570171594,0,Normal
468,-0.15210876,-0.049878843,0.12169674,0,0.0183105841279029,0,Normal
469,-0.17144774,-0.03882336,0.11882458,0,0.0172094292938709,0,Normal
470,-0.18692538,-0.041306216,0.12243865,0,0.0192025490105152,0,Normal
471,-0.14274576,-0.014395549,0.119012564,0,0.0216925926506519,0,Normal
472,-0.1088183,0.018559545,0.123305745,0,0.0186521634459495,0,Normal
473,-0.041829553,0.056389507,0.12580441,0,0.0177622810006141,0,Normal
474,-0.06673124,0.041297317,0.121823706,0,0.0208054445683956,0,Normal
475,-0.10830584,0.015616303,0.12315186,0,0.0201456528156995,0,Normal
476,-0.14175028,-0.009108014,0.120975085,0,0.0142283653840422,0,Normal
477,-0.14595257,-0.033421695,0.123354405,0,0.0174925681203603,0,Normal
478,-0.10934867,0.025232013,0.12475662,0,0.0239900592714548,0,Normal
479,-0.1152953,-0.02277815,0.121287175,0,0.0176975037902593,0,Normal
480,-0.068407975,-0.04095527,0.12332129,0,0.0244625322520732,0,Normal
481,0.052301567,0.06388949,0.12279456,0,0.0425262451171875,0,Normal
482,0.13183819,0.11642938,0.12638417,0,0.040701974183321,0,Normal
483,0.21440029,0.14488393,0.124248825,0,0.0607434771955013,1,Advisory
484,0.19080289,0.13806231,0.1292185,0,0.0519369766116142,1,Advisory
485,0.10630938,0.084017105,0.12402787,0,0.0431728959083557,0,Normal
486,0.07709415,0.060680587,0.121345274,0,0.0295932479202747,0,Normal
487,0.19375707,0.17279032,0.12922086,0,0.0495476722717285,1,Advisory
488,0.1477732,0.119534984,0.12632523,0,0.0401737838983535,0,Normal
489,0.12669997,0.13938661,0.12914807,0,0.035138513892889,0,Normal
490,0.15440468,0.17675275,0.12955444,0,0.0360771566629409,0,Normal
491,0.09518545,0.14956997,0.12809631,0,0.0345708578824996,0,Normal
492,0.15489313,0.17943668,0.13230246,0,0.0388816781342029,0,Normal
493,0.31751266,0.23823437,0.13557677,0,0.060753621160984,1,Advisory
494,0.3856164,0.29009727,0.13865551,0,0.0558958314359188,1,Advisory
495,0.22846007,0.23491564,0.13224158,0,0.0389596410095691,0,Normal
496,0.1640263,0.20995826,0.13135587,0,0.0310279801487922,0,Normal
497,0.15949392,0.19755304,0.13316472,0,0.027509156614542,0,Normal
498,0.16291463,0.24251695,0.13175783,0,0.0331877917051315,0,Normal
499,0.18425353,0.24397889,0.1349223,0,0.038676731288433,0,Normal
500,0.2154072,0.29062828,0.13549237,0,0.0327051244676113,0,Normal
501,0.1707224,0.26537484,0.13134694,0,0.0208860505372285,0,Normal
502,0.15099859,0.24239135,0.13579455,0,0.0239303205162286,0,Normal
503,0.1652413,0.24746771,0.13495643,0,0.0200288146734237,0,Normal
504,0.17643021,0.26420784,0.13353528,0,0.0193480234593153,0,Normal
505,0.14240092,0.29945928,0.13975728,0,0.0250748712569475,0,Normal
506,0.0562206,0.22909926,0.13188027,0,0.0190395712852478,0,Normal
507,0.059747275,0.23330279,0.13359968,0,0.0131695680320262,0,Normal
508,0.06795102,0.21495302,0.13310957,0,0.0140639822930097,0,Normal
509,0.08312283,0.20790462,0.13332176,0,0.0219657607376575,0,Normal
510,0.09109781,0.21971847,0.13380016,0,0.0176172405481338,0,Normal
511,0.05187608,0.19093066,0.1292299,0,0.0199525952339172,0,Normal
512,0.035236076,0.17559923,0.13258524,0,0.0238962266594171,0,Normal
513,0.034419384,0.15970144,0.13098606,0,0.0226966645568609,0,Normal
514,0.05905066,0.14294752,0.1327092,0,0.0180119443684816,0,Normal
515,0.08180765,0.12898062,0.12705715,0,0.0205097030848264,0,Normal
516,0.106561266,0.12497616,0.1300715,0,0.0245325118303298,0,Normal
517,0.11027562,0.11789436,0.12880808,0,0.0198973957449197,0,Normal
518,0.096289635,0.108818345,0.12492889,0,0.0214739497750997,0,Normal
519,0.0685595,0.09534603,0.123981796,0,0.0191303882747888,0,Normal
520,0.12199431,0.081610285,0.12921993,0,0.0197975877672433,0,Normal
521,0.09968738,0.109692425,0.12348924,0,0.0186329036951065,0,Normal
522,0.157935,0.09810832,0.12192606,0,0.0316406674683094,0,Normal
523,0.14302395,0.122325525,0.12555735,0,0.0242398455739021,0,Normal
524,0.050525103,0.07698294,0.12339694,0,0.0189033467322587,0,Normal
525,0.014944779,0.074090734,0.12341413,0,0.0197717808187007,0,Normal
526,0.027704675,0.07947518,0.12204467,0,0.0150179881602525,0,Normal
527,-0.004900294,0.08198588,0.123955086,0,0.0203880704939365,0,Normal
528,0.0021093064,0.09380153,0.12859522,0,0.0216259285807609,0,Normal
529,0.004686107,0.10663884,0.12283195,0,0.0218953397125005,0,Normal
530,-0.015514346,0.088769354,0.12623288,0,0.0224665626883506,0,Normal
531,-0.027183311,0.09953146,0.12441254,0,0.0160890724509954,0,Normal
532,0.007643238,0.11109831,0.124381445,0,0.026755092665553,0,Normal
533,-0.054896303,0.13257079,0.12491855,0,0.0262747071683406,0,Normal
534,-0.09178447,0.09712206,0.1254321,0,0.0220482274889946,0,Normal
535,-0.088023245,0.09777556,0.12399248,0,0.0191463474184274,0,Normal
536,-0.08283757,0.09135784,0.12702867,0,0.0162296872586011,0,Normal
537,-0.0648332,0.10886792,0.12691067,0,0.0168309900909662,0,Normal
538,-0.089391984,0.1184092,0.12651588,0,0.0168994329869747,0,Normal
539,-0.09086961,0.112216264,0.12919246,0,0.0188883282244205,0,Normal
540,-0.105516165,0.1130207,0.12717955,0,0.0220539234578609,0,Normal
541,-0.033562012,0.10358002,0.12651938,0,0.0227134507149457,0,Normal
542,-0.08252124,0.15134138,0.12915657,0,0.0165030770003795,0,Normal
543,-0.06644196,0.132176,0.12591588,0,0.0200409237295389,0,Normal
544,-0.035483263,0.17973866,0.13100044,0,0.0215548239648342,0,Normal
545,0.07253931,0.21683867,0.13229777,0,0.0377216003835201,0,Normal
546,0.09718376,0.27808025,0.13648428,0,0.0386572256684303,0,Normal
547,0.00031070985,0.2514353,0.13715377,0,0.0237674303352832,0,Normal
548,-0.021418177,0.23259251,0.13720118,0,0.0196813400834798,0,Normal
549,0.062234696,0.23057319,0.13481489,0,0.0314905270934104,0,Normal
550,-0.021828715,0.21114467,0.13892913,0,0.0141690578311681,0,Normal
551,-0.062188588,0.17928356,0.12925306,0,0.0200357567518949,0,Normal
552,-0.08930304,0.1468155,0.1307776,0,0.0204951949417591,0,Normal
553,-0.098659225,0.115283035,0.12992586,0,0.0196498278528451,0,Normal
554,-0.04676047,0.11472647,0.13373825,0,0.0230237524956464,0,Normal
555,-0.040180836,0.094967365,0.13003473,0,0.0221689399331808,0,Normal
556,0.0016006359,0.07426887,0.1289239,0,0.0262005738914012,0,Normal
557,0.1019614,0.11370962,0.13247432,0,0.039120677858591,0,Normal
558,0.019837044,0.117174245,0.13205507,0,0.0236170794814825,0,Normal
559,0.031124258,0.10978848,0.13284059,0,0.024738760665059,0,Normal
560,0.005700435,0.061510425,0.1284219,0,0.0225686319172382,0,Normal
561,0.069300674,0.09582996,0.13083535,0,0.0301319789141416,0,Normal
562,-0.015275596,0.07075412,0.13262199,0,0.0239331070333719,0,Normal
563,-0.043326076,0.055635933,0.12747073,0,0.0198153965175151,0,Normal
564,-0.053033303,0.033595707,0.12507917,0,0.0239187832921743,0,Normal
565,-0.044072535,0.030612333,0.12934424,0,0.0240504499524831,0,Normal
566,-0.0044546984,0.008025631,0.12635581,0,0.0291159767657518,0,Normal
567,0.0042054825,0.04176131,0.12669852,0,0.025923728942871,0,Normal
568,-0.0058525084,0.009397396,0.12740408,0,0.0334690995514392,0,Normal
569,-0.0034227234,0.016360778,0.12666889,0,0.0385489389300346,0,Normal
570,0.12664591,0.015326365,0.12541083,0,0.0349909327924251,0,Normal
571,0.16715428,0.037888695,0.12836961,0,0.0527388453483581,1,Advisory
572,0.42329624,0.028858898,0.12310176,1,0.0760851204395294,1,Warning
573,0.4387821,0.067381814,0.1295741,1,0.0590304248034954,1,Watch
574,0.28327397,0.038945753,0.1257529,0,0.0506770499050617,1,Advisory
575,0.18087627,0.026120769,0.12440858,0,0.0506848767399787,1,Advisory
576,0.1321374,-0.011548089,0.12624997,0,0.047081358730793,1,Advisory
577,0.114959784,-0.0026239755,0.1251514,0,0.0394681580364704,0,Normal
578,0.062529966,-0.014759207,0.12514189,0,0.0356639921665191,0,Normal
579,0.07422931,-0.018953854,0.124049045,0,0.0366800278425216,0,Normal
580,0.026901998,-0.037908483,0.12579365,0,0.0275574568659067,0,Normal
581,0.033206493,-0.044058397,0.1260773,0,0.0276784468442201,0,Normal
582,0.028549515,-0.0230613,0.12570594,0,0.0338713154196739,0,Normal
583,0.15399288,-0.012169249,0.12307224,0,0.0647953003644943,1,Advisory
584,0.08462646,0.018432578,0.12700419,0,0.0436915047466754,0,Normal
585,0.018111126,-0.02858597,0.12518543,0,0.0234627909958362,0,Normal
586,0.13480555,0.0035774065,0.12855856,0,0.0371543020009994,0,Normal
587,0.14849916,0.022603292,0.1272008,0,0.0309825595468282,0,Normal
588,0.28703424,0.07808515,0.1315599,0,0.0605921410024166,1,Advisory
589,0.2317769,0.08045608,0.12855339,0,0.034306563436985,0,Normal
590,0.12857953,0.05898912,0.13227743,0,0.0309188086539506,0,Normal
591,0.07226958,0.02386555,0.12987007,0,0.0330348722636699,0,Normal
592,0.025877954,0.018881135,0.13258891,0,0.0267523229122161,0,Normal
593,0.08522526,0.002574915,0.13054477,0,0.0271306689828634,0,Normal
594,0.034151956,0.051668957,0.132007,0,0.025406327098608,0,Normal
595,0.021123454,0.0030344203,0.13453566,0,0.0249608308076858,0,Normal
596,0.26291147,0.066420704,0.13300075,0,0.0448160842061042,0,Normal
597,0.18143024,0.10481959,0.1332588,0,0.0343966484069824,0,Normal
598,0.06394538,0.04892419,0.13035971,0,0.0258187931030988,0,Normal
599,0.013128529,0.038096163,0.1293028,0,0.018221877515316,0,Normal
600,-0.023005173,0.024469716,0.1288252,0,0.0247597191482782,0,Normal
601,-0.02998006,0.015565938,0.13314804,0,0.0227222796529531,0,Normal
602,-0.01181289,0.033829942,0.12904455,0,0.0278859548270702,0,Normal
603,-0.042321883,0.0104168765,0.13160275,0,0.0236004665493965,0,Normal
604,-0.06089179,0.0030479762,0.12853405,0,0.0291820541024208,0,Normal
605,-0.04838297,-0.0010354886,0.12877652,0,0.022382453083992,0,Normal
606,-0.075874925,0.013041383,0.1299174,0,0.0188736375421285,0,Normal
607,-0.099841475,-0.023146128,0.12824836,0,0.0206628609448671,0,Normal
608,-0.05800412,-0.025379779,0.12971465,0,0.0276255086064338,0,Normal
609,0.2898843,0.06767827,0.12836987,0,0.0807684287428855,1,Watch
610,0.40386394,0.13319471,0.13480325,1,0.0784439072012901,1,Warning
611,0.40927017,0.12463966,0.13580985,1,0.0736117959022522,1,Warning
612,0.24370702,0.103445254,0.13556562,0,0.0441763289272785,0,Normal
613,0.17432371,0.0739629,0.13284832,0,0.0442969724535942,0,Normal
614,0.1416167,0.067220226,0.13350923,0,0.0412242114543914,0,Normal
615,0.11552466,0.08274085,0.13292606,0,0.0357176624238491,0,Normal
616,0.05087314,0.044649366,0.12768915,0,0.0342503748834133,0,Normal
617,0.030200098,0.0069519985,0.12849905,0,0.030862059444189,0,Normal
618,0.067486934,0.071754314,0.13337958,0,0.035805307328701,0,Normal
619,0.03564563,0.11478577,0.13639279,0,0.0270748101174831,0,Normal
620,0.052625645,0.07501056,0.12797935,0,0.0255103968083858,0,Normal
621,0.025019018,0.0782581,0.13107364,0,0.0260864812880754,0,Normal
622,0.044494,0.050831184,0.1266889,0,0.0263504870235919,0,Normal
623,0.05806073,0.10379454,0.12929326,0,0.02369249984622,0,Normal
624,0.053050924,0.06894079,0.12462291,0,0.0263869538903236,0,Normal
625,0.033442628,0.09176427,0.12728594,0,0.0224257800728082,0,Normal
626,0.01911871,0.06813308,0.124661535,0,0.0207258611917495,0,Normal
627,0.05978043,0.0786758,0.12738477,0,0.0277254059910774,0,Normal
628,0.08620673,0.10054688,0.12669258,0,0.0303148031234741,0,Normal
629,0.039262198,0.0926823,0.12580109,0,0.0303673408925533,0,Normal
630,0.0015515646,0.06648503,0.12573306,0,0.0180724710226058,0,Normal
631,-0.026203012,0.05686245,0.12801936,0,0.0157446507364511,0,Normal
632,-0.041715316,0.043394227,0.12531076,0,0.0243001915514469,0,Normal
633,-0.053485285,0.049584128,0.12575603,0,0.0236538983881473,0,Normal
634,-0.07010291,0.014786229,0.12054672,0,0.0238360203802585,0,Normal
635,-0.08405315,0.014327038,0.12181231,0,0.0258992779999971,0,Normal
636,-0.10104925,-0.0022267327,0.1242333,0,0.0199498049914836,0,Normal
637,-0.11709332,-0.017721295,0.12384015,0,0.0180133804678916,0,Normal
638,-0.13135444,-0.017172966,0.12190002,0,0.0193986166268587,0,Normal
639,-0.015931431,-1.8374125e-05,0.121935725,0,0.035566434264183,0,Normal
640,-0.054002624,0.014365179,0.121541984,0,0.0240754541009664,0,Normal
641,0.116788715,-0.021249328,0.11955745,0,0.0377126149833202,0,Normal
642,0.091666624,0.030934574,0.121684775,0,0.0322399549186229,0,Normal
643,0.0014925363,-0.036962353,0.12321409,0,0.0276379082351923,0,Normal
644,0.0597848,-0.010744316,0.118891366,0,0.0405376739799976,0,Normal
645,0.05885382,-0.02958948,0.12526488,0,0.0314426459372043,0,Normal
646,0.05649922,-0.03117454,0.12375115,0,0.0248471330851316,0,Normal
647,0.10169946,-0.015159433,0.121945105,0,0.0277344919741153,0,Normal
648,0.04487386,-0.01539657,0.12074992,0,0.0225886143743991,0,Normal
649,0.00019215293,-0.024734039,0.11975369,0,0.0190936177968978,0,Normal
650,-0.040643886,-0.018600466,0.12503599,0,0.0188690833747386,0,Normal
651,-0.068136394,-0.020688988,0.12667014,0,0.0272659808397293,0,Normal
652,-0.10151029,-0.018993016,0.119226314,0,0.0137708391994237,0,Normal
653,-0.12663582,-0.018820321,0.12065998,0,0.0179002154618501,0,Normal
654,-0.1317217,-0.016351052,0.11939991,0,0.0129464799538254,0,Normal
655,-0.14553192,-0.010479873,0.11939418,0,0.0101984608918428,0,Normal
656,-0.14402094,-0.011218156,0.12248577,0,0.0184924006462097,0,Normal
657,-0.16484489,-0.018496253,0.11921032,0,0.0147774685174226,0,Normal
658,-0.1825391,-0.02561651,0.11563206,0,0.0156072424724698,0,Normal
659,-0.19735037,-0.033342805,0.12049766,0,0.0131721431389451,0,Normal
660,-0.1566852,-0.01700717,0.12187634,0,0.0150055298581719,0,Normal
661,-0.11458625,0.0007509259,0.120950095,0,0.0152731081470847,0,Normal
662,-0.10903567,0.010318707,0.12201688,0,0.0181234925985336,0,Normal
663,-0.13394623,-0.0020976204,0.120897286,0,0.0176813602447509,0,Normal
664,-0.14136602,-0.020094648,0.119939856,0,0.0180287081748247,0,Normal
665,-0.042461883,-0.045345996,0.12012119,0,0.0371541455388069,0,Normal
666,-0.061144877,0.012509111,0.123500645,0,0.0230291448533535,0,Normal
667,0.07779102,-0.02905028,0.12193011,0,0.0435347966849803,0,Normal
668,0.06382027,0.023898603,0.12477596,0,0.035092320293188,0,Normal
669,-0.032918733,-0.026299158,0.121875666,0,0.0235213246196508,0,Normal
670,-0.08529407,-0.039144564,0.11785035,0,0.0202697869390249,0,Normal
671,-0.09893091,-0.055926252,0.12016539,0,0.0235667582601308,0,Normal
672,-0.10015688,-0.051040925,0.12093966,0,0.0147713059559464,0,Normal
673,-0.15322697,-0.048611052,0.12587664,0,0.0220960993319749,0,Normal
674,-0.12302029,-0.054760948,0.118503176,0,0.0178046412765979,0,Normal
675,0.026584318,0.064455435,0.1275992,0,0.0266679916530847,0,Normal
676,0.008387602,0.06352558,0.12779106,0,0.0193779952824115,0,Normal
677,-0.021502815,0.06941027,0.12884794,0,0.0191130023449659,0,Normal
678,-0.046128187,0.058667477,0.12750773,0,0.0222030077129602,0,Normal
679,-0.09035486,0.056668356,0.12592301,0,0.0194785054773092,0,Normal
680,-0.021881798,0.0771493,0.12750784,0,0.025886183604598,0,Normal
681,0.31729499,0.17675774,0.13668431,0,0.0707824751734733,1,Watch
682,0.3298422,0.25228176,0.13822874,0,0.0325363762676715,0,Normal
683,0.1766908,0.21798643,0.13505,0,0.0327274613082408,0,Normal
684,0.106813654,0.20565523,0.13973698,0,0.0280830282717943,0,Normal
685,0.05721551,0.16558886,0.13373409,0,0.026481844484806,0,Normal
686,0.0017458653,0.16666436,0.12999012,0,0.0233849138021469,0,Normal
687,-0.047012866,0.17060348,0.13556358,0,0.0238121841102838,0,Normal
688,-0.055937484,0.17617312,0.12894836,0,0.0202680919319391,0,Normal
689,-0.040619854,0.20064662,0.13168883,0,0.0179783087223768,0,Normal
690,0.046625044,0.17305039,0.13269594,0,0.0375360324978828,0,Normal
691,0.053873267,0.19975989,0.13520613,0,0.0262676570564508,0,Normal
692,-0.006654557,0.15086962,0.1306545,0,0.019421748816967,0,Normal
693,-0.031863347,0.12076706,0.12711635,0,0.0140127846971154,0,Normal
694,-0.008732284,0.09642794,0.12515959,0,0.0155257331207394,0,Normal
695,0.0087499255,0.12890919,0.13274306,0,0.0253997277468442,0,Normal
696,-0.014982069,0.074699916,0.1261539,0,0.0214905142784118,0,Normal
697,-0.022700114,0.05685017,0.12479374,0,0.0170881766825914,0,Normal
698,-0.0021022935,0.049157146,0.122994155,0,0.030761282891035,0,Normal
699,-0.0035671704,0.042818375,0.12328382,0,0.0320216082036495,0,Normal
700,-0.035117127,0.03013923,0.12300831,0,0.023116149008274,0,Normal
701,-0.083713844,0.008014173,0.121366896,0,0.0167404860258102,0,Normal
702,-0.12902413,-0.017935965,0.116251945,0,0.0146014178171753,0,Normal
703,-0.117145225,-0.0330849,0.118953,0,0.0141668301075696,0,Normal
704,-0.09228553,0.012143469,0.11999215,0,0.0230985470116138,0,Normal
705,-0.09175342,0.0035249323,0.12309432,0,0.0235913656651973,0,Normal
706,-0.10471362,-0.010517792,0.12235867,0,0.0238169524818658,0,Normal
707,-0.08170725,-0.02227027,0.12212054,0,0.021374013274908,0,Normal
708,-0.08322509,0.048849046,0.12757674,0,0.0146824354305863,0,Normal
709,-0.11880582,0.0132575575,0.120851465,0,0.0185670834034681,0,Normal
710,-0.004498877,0.055981115,0.12572232,0,0.0284741390496492,0,Normal
711,0.15872915,0.11073403,0.12734541,0,0.043164562433958,0,Normal
712,0.06285319,0.1498532,0.13344507,0,0.0305364783853292,0,Normal
713,0.050436422,0.105008066,0.12935962,0,0.0262042116373777,0,Normal
714,0.07493966,0.18697682,0.13998163,0,0.0228494107723236,0,Normal
715,0.0033373074,0.16057777,0.13508199,0,0.0233823265880346,0,Normal
716,-0.029730955,0.14996526,0.13532619,0,0.0194883923977613,0,Normal
717,-0.028818473,0.14574015,0.13498792,0,0.021929221227765,0,Normal
718,-0.047384955,0.09976233,0.12884884,0,0.0214459542185068,0,Normal
719,-0.0615629,0.08421472,0.13048863,0,0.0181729141622781,0,Normal
720,-0.06290022,0.077993624,0.12911561,0,0.0186529401689767,0,Normal
721,0.058756273,0.101531595,0.13435939,0,0.0312134381383657,0,Normal
722,0.07685182,0.10356923,0.13290587,0,0.0336017534136772,0,Normal
723,0.03963112,0.059672203,0.12930731,0,0.0257532633841037,0,Normal
724,-0.010634911,0.020510178,0.1258782,0,0.0219541974365711,0,Normal
