TimeStep,Observed,VAE Reconstruction Error,VAE_Anomaly_Flag
0,-0.3449888825416565,0.02187970094382763,0
1,-0.34444043040275574,0.023741601034998894,0
2,-0.30121099948883057,0.03296753019094467,0
3,-0.2704363763332367,0.03302433341741562,0
4,-0.257040798664093,0.031753748655319214,0
5,-0.2691197991371155,0.036961864680051804,0
6,-0.24767400324344635,0.03078783117234707,0
7,-0.2105705589056015,0.039336103945970535,0
8,-0.1411689817905426,0.07059992104768753,1
9,-0.12363636493682861,0.05418965220451355,1
10,0.001298511866480112,0.07287903130054474,1
11,0.042716339230537415,0.06006240099668503,1
12,0.001727858791127801,0.05188610032200813,1
13,-0.06340327858924866,0.04095039516687393,0
14,-0.11047212034463882,0.026255235075950623,0
15,-0.1601070910692215,0.02801351435482502,0
16,-0.19899435341358185,0.029845673590898514,0
17,-0.20851391553878784,0.022948330268263817,0
18,-0.2028534859418869,0.021782053634524345,0
19,-0.2067316472530365,0.02149241790175438,0
20,-0.21662281453609467,0.020459230989217758,0
21,-0.24071502685546875,0.01810932531952858,0
22,-0.2575701177120209,0.01562491524964571,0
23,-0.24895444512367249,0.019451387226581573,0
24,-0.20279116928577423,0.019562209025025368,0
25,-0.1433725208044052,0.022320954129099846,0
26,-0.12780456244945526,0.023245882242918015,0
27,-0.09482783079147339,0.026714807376265526,0
28,-0.018852410838007927,0.05250990763306618,1
29,-0.06051313877105713,0.03268023580312729,0
30,0.12474562227725983,0.08038649708032608,1
31,0.5449485778808594,0.07948984950780869,1
32,0.3275425434112549,0.0520043820142746,1
33,0.19934217631816864,0.035365328192710876,0
34,0.13854168355464935,0.02914534881711006,0
35,0.12157551944255829,0.02989073097705841,0
36,0.060999054461717606,0.02649150975048542,0
37,0.02271346002817154,0.02314124070107937,0
38,0.01637839712202549,0.02198128029704094,0
39,0.06320744752883911,0.026205843314528465,0
40,0.10767634212970734,0.037639252841472626,0
41,0.05193479731678963,0.028334928676486015,0
42,0.008770403452217579,0.021618807688355446,0
43,-0.026863927021622658,0.02178000845015049,0
44,-0.026039035990834236,0.018752286210656166,0
45,-0.0034100187476724386,0.020424017682671547,0
46,-0.020178964361548424,0.023014409467577934,0
47,-0.050307825207710266,0.020883474498987198,0
48,-0.07184421271085739,0.015577120706439018,0
49,-0.09293442964553833,0.020275050774216652,0
50,-0.114911749958992,0.023837927728891373,0
51,0.2601035237312317,0.0399516299366951,0
52,0.183562234044075,0.026031915098428726,0
53,0.14787237346172333,0.02501981519162655,0
54,0.11868271976709366,0.028570545837283134,0
55,0.07629821449518204,0.0334165059030056,0
56,0.032696790993213654,0.0228993222117424,0
57,-0.024707119911909103,0.02588353492319584,0
58,-0.05173281207680702,0.016540173441171646,0
59,-0.018507981672883034,0.02234649658203125,0
60,0.02049228921532631,0.02793877199292183,0
61,0.04460262507200241,0.027899956330657005,0
62,0.1485767513513565,0.03768402710556984,0
63,0.06068726256489754,0.0238475538790226,0
64,0.019646774977445602,0.027090327814221382,0
65,0.008447431027889252,0.02110980823636055,0
66,-0.020472463220357895,0.026388349011540413,0
67,-0.044813260436058044,0.021590832620859146,0
68,-0.07290000468492508,0.022711973637342453,0
69,-0.08803277462720871,0.023028936237096786,0
70,-0.10054966807365417,0.024971304461359978,0
71,-0.11394047737121582,0.02115238830447197,0
72,-0.13111238181591034,0.020268091931939125,0
73,-0.1316535919904709,0.02117975242435932,0
74,-0.12925826013088226,0.020876914262771606,0
75,-0.13799041509628296,0.016043342649936676,0
76,-0.14700764417648315,0.016536910086870193,0
77,-0.1482287049293518,0.016571637243032455,0
78,-0.15025705099105835,0.017105963081121445,0
79,-0.14684709906578064,0.01738358475267887,0
80,-0.14375491440296173,0.017561880871653557,0
81,-0.14935708045959473,0.016897102817893028,0
82,-0.16104158759117126,0.016608821228146553,0
83,-0.17735441029071808,0.017248352989554405,0
84,-0.1742968112230301,0.016255216673016548,0
85,-0.08839105814695358,0.02899877168238163,0
86,-0.11732867360115051,0.0263258907943964,0
87,-0.10580121725797653,0.027446338906884193,0
88,-0.08756054937839508,0.01834486611187458,0
89,-0.0826977789402008,0.01846424676477909,0
90,-0.037847649306058884,0.02079758048057556,0
91,0.022790085524320602,0.02600211091339588,0
92,0.013210856355726719,0.024509873241186142,0
93,0.006898858118802309,0.023571480065584183,0
94,0.03314653038978577,0.02126646600663662,0
95,0.03662404417991638,0.021953657269477844,0
96,0.026631005108356476,0.02760089561343193,0
97,0.018099511042237282,0.02068071812391281,0
98,-0.0018752221949398518,0.01593020185828209,0
99,-0.034994181245565414,0.014382041059434414,0
100,-0.07299130409955978,0.016189130023121834,0
101,-0.06915193051099777,0.013125749304890633,0
102,-0.04959331080317497,0.021344810724258423,0
103,-0.021567190065979958,0.01972159370779991,0
104,0.013378913514316082,0.021167436614632607,0
105,-0.02291027642786503,0.024978939443826675,0
106,-0.013042089529335499,0.020718034356832504,0
107,0.08630888909101486,0.06251607835292816,1
108,0.2544962763786316,0.05545290559530258,1
109,0.1918487697839737,0.05559973046183586,1
110,0.10994753986597061,0.050763849169015884,1
111,0.07685386389493942,0.03589591383934021,0
112,0.05806884914636612,0.03326617181301117,0
113,0.05917045474052429,0.02826414257287979,0
114,0.06420345604419708,0.026040105149149895,0
115,0.01961999386548996,0.02525247260928154,0
116,0.012579672038555145,0.0213204026222229,0
117,0.037975382059812546,0.027412332594394684,0
118,0.017419973388314247,0.025504782795906067,0
119,-0.011875406838953495,0.025007082149386406,0
120,-0.026316020637750626,0.035951849073171616,0
121,-0.008145427331328392,0.03621950373053551,0
122,0.05828269571065903,0.06567378342151642,1
123,0.027370601892471313,0.04517004266381264,0
124,0.06586076319217682,0.04677760601043701,1
125,0.0002847450377885252,0.03707893192768097,0
126,-0.009702743031084538,0.038140036165714264,0
127,-0.010642245411872864,0.031030628830194473,0
128,-0.008467442356050014,0.03162863850593567,0
129,0.006365778855979443,0.029175441712141037,0
130,0.02169194445014,0.02835371345281601,0
131,0.03212766349315643,0.024870606139302254,0
132,0.09801770746707916,0.03441040217876434,0
133,0.30385997891426086,0.12027636170387268,1
134,0.34527549147605896,0.0914432480931282,1
135,0.24561698734760284,0.06240244582295418,1
136,0.14468809962272644,0.04172677919268608,0
137,0.128444641828537,0.03915809094905853,0
138,0.07517702132463455,0.037241313606500626,0
139,0.10511074215173721,0.04047283157706261,0
140,0.14725938439369202,0.04497378319501877,0
141,0.0775824710726738,0.036863572895526886,0
142,0.09052865952253342,0.03342301398515701,0
143,0.148471862077713,0.03623601049184799,0
144,0.31179240345954895,0.050470657646656036,1
145,0.2639550566673279,0.04012046754360199,0
146,0.18204200267791748,0.030835244804620743,0
147,0.17806799709796906,0.028740841895341873,0
148,0.22585611045360565,0.029803257435560226,0
149,0.277982234954834,0.051799334585666656,1
150,0.4005357325077057,0.09281482547521591,1
151,0.4049846827983856,0.07904771715402603,1
152,0.573908269405365,0.1482587307691574,1
153,0.4684131443500519,0.08095474541187286,1
154,0.40353676676750183,0.05025094375014305,1
155,0.3922993838787079,0.05065557733178139,1
156,0.4413778483867645,0.05288438871502876,1
157,0.4121420979499817,0.044635072350502014,0
158,0.3413630723953247,0.027980724349617958,0
159,0.39148470759391785,0.051480818539857864,1
160,0.523212730884552,0.06681706756353378,1
161,0.47251373529434204,0.05567988008260727,1
162,0.36653512716293335,0.04222409054636955,0
163,0.3496074378490448,0.04133716598153114,0
164,0.3820266127586365,0.046506933867931366,1
165,0.4342086911201477,0.04638711363077164,1
166,0.482567697763443,0.04971027374267578,1
167,0.4308066666126251,0.03986774757504463,0
168,0.6247871518135071,0.056587763130664825,1
169,0.49744874238967896,0.03884865343570709,0
170,0.5035368800163269,0.05163590982556343,1
171,0.4918895661830902,0.04734710231423378,1
172,0.3878989517688751,0.03475438058376312,0
173,0.347758024930954,0.030642209574580193,0
174,0.30801665782928467,0.026598010212183,0
175,0.2978523075580597,0.03548531234264374,0
176,0.39878588914871216,0.06571725010871887,1
177,0.4520670473575592,0.0690464973449707,1
178,0.48389163613319397,0.06165437400341034,1
179,0.32280662655830383,0.03696250542998314,0
180,0.2546195387840271,0.03076622076332569,0
181,0.27973493933677673,0.029581546783447266,0
182,0.26220017671585083,0.022607482969760895,0
183,0.2593301832675934,0.03214093670248985,0
184,0.30210527777671814,0.04067547246813774,0
185,0.2096904218196869,0.02769693359732628,0
186,0.1662873923778534,0.02492748200893402,0
187,0.13838151097297668,0.023003969341516495,0
188,0.09975975006818771,0.023893533274531364,0
189,0.07719802111387253,0.02178136073052883,0
190,0.05951164290308952,0.02056535705924034,0
191,0.039279866963624954,0.02154628373682499,0
192,0.10305798053741455,0.02259925752878189,0
193,0.3482678532600403,0.0608120821416378,1
194,0.480143666267395,0.052078548818826675,1
195,0.6320371031761169,0.06705362349748611,1
196,0.4482956528663635,0.043996743857860565,0
197,0.2898033559322357,0.03263390064239502,0
198,0.2129564881324768,0.02924296073615551,0
199,0.19998419284820557,0.033887337893247604,0
200,0.15925391018390656,0.030222952365875244,0
201,0.12087994813919067,0.02746334671974182,0
202,0.11377003788948059,0.02523547224700451,0
203,0.11552389711141586,0.021314498037099838,0
204,0.11999304592609406,0.03138916566967964,0
205,0.1539924591779709,0.03793356567621231,0
206,0.17855283617973328,0.027291232720017433,0
207,0.2081020176410675,0.038402680307626724,0
208,0.21267494559288025,0.035366348922252655,0
209,0.20893767476081848,0.03758663684129715,0
210,0.1320921778678894,0.023153122514486313,0
211,0.08422907441854477,0.022499585524201393,0
212,0.10432981699705124,0.01950726844370365,0
213,0.14963945746421814,0.023506052792072296,0
214,0.07565949857234955,0.01688285544514656,0
215,0.0549149215221405,0.018943091854453087,0
216,0.03984841704368591,0.020488914102315903,0
217,0.519660472869873,0.07706896960735321,1
218,0.42763468623161316,0.04453464224934578,0
219,0.23370470106601715,0.03559858724474907,0
220,0.1535462737083435,0.02605288475751877,0
221,0.24429135024547577,0.029450392350554466,0
222,0.3292252719402313,0.03606989607214928,0
223,0.2467578649520874,0.025384942069649696,0
224,0.17537790536880493,0.02294786460697651,0
225,0.13992351293563843,0.02039984054863453,0
226,0.08432028442621231,0.021777288988232613,0
227,0.06796769052743912,0.016428710892796516,0
228,0.05087949335575104,0.016154995188117027,0
229,0.040465645492076874,0.01735379919409752,0
230,0.04294242337346077,0.02633068710565567,0
231,0.043871745467185974,0.021299075335264206,0
232,0.0037663611583411694,0.02111014351248741,0
233,0.07503248751163483,0.01913008838891983,0
234,0.046035781502723694,0.015872277319431305,0
235,0.0013457919703796506,0.0156596340239048,0
236,-0.027013510465621948,0.013740379363298416,0
237,-0.046548031270504,0.014725658111274242,0
238,-0.06289243698120117,0.014476986601948738,0
239,-0.0862937793135643,0.02440466731786728,0
240,-0.09441988170146942,0.01500634104013443,0
241,-0.009237057529389858,0.026041341945528984,0
242,-0.026483265683054924,0.01861763931810856,0
243,-0.072983518242836,0.02048712596297264,0
244,-0.07473927736282349,0.01597951352596283,0
245,-0.09381857514381409,0.01816261000931263,0
246,-0.1255037635564804,0.01729797013103962,0
247,-0.14202827215194702,0.020629096776247025,0
248,0.0068940757773816586,0.03826093301177025,0
249,0.021255796775221825,0.03399306535720825,0
250,-0.05222654342651367,0.018986305221915245,0
251,-0.08832751214504242,0.018298469483852386,0
252,-0.1097240075469017,0.018609188497066498,0
253,-0.1375039517879486,0.0178776104003191,0
254,-0.14391706883907318,0.019842902198433876,0
255,-0.13663211464881897,0.015600166283547878,0
256,-0.14913566410541534,0.025424882769584656,0
257,-0.17208093404769897,0.028931014239788055,0
258,-0.18601305782794952,0.014327701181173325,0
259,-0.17927035689353943,0.027048058807849884,0
260,0.11782761663198471,0.05855236575007439,1
261,0.11338277906179428,0.06730612367391586,1
262,0.20669960975646973,0.049162160605192184,1
263,0.1450059562921524,0.04626685753464699,1
264,0.0250473003834486,0.02569350227713585,0
265,-0.04385792836546898,0.021452121436595917,0
266,-0.09013283997774124,0.018446194007992744,0
267,-0.13208842277526855,0.01569899171590805,0
268,-0.15817677974700928,0.020313451066613197,0
269,-0.15317028760910034,0.014227192848920822,0
270,-0.13936661183834076,0.021626347675919533,0
271,-0.16129185259342194,0.022546151652932167,0
272,-0.1895553320646286,0.020191242918372154,0
273,-0.1891678124666214,0.01649879477918148,0
274,-0.2126850038766861,0.015371158719062805,0
275,-0.1933838278055191,0.020716886967420578,0
276,-0.17093154788017273,0.017381591722369194,0
277,-0.15648789703845978,0.023100821301341057,0
278,-0.1744920164346695,0.02392399311065674,0
279,-0.18014118075370789,0.01892026513814926,0
280,-0.17679326236248016,0.02266746573150158,0
281,-0.2049766182899475,0.016362212598323822,0
282,-0.2214420884847641,0.014262042008340359,0
283,-0.20844446122646332,0.020781150087714195,0
284,-0.21850331127643585,0.01832045428454876,0
285,-0.21642372012138367,0.01534787006676197,0
286,-0.22995203733444214,0.014280582778155804,0
287,-0.20757676661014557,0.02165921963751316,0
288,-0.18922795355319977,0.02160336636006832,0
289,-0.22714763879776,0.02025344967842102,0
290,-0.2265608161687851,0.018912985920906067,0
291,-0.16464421153068542,0.020730001851916313,0
292,-0.14885860681533813,0.021045342087745667,0
293,-0.12966610491275787,0.021390246227383614,0
294,-0.14920106530189514,0.02319502644240856,0
295,-0.18947693705558777,0.017511270940303802,0
296,-0.21074073016643524,0.012136015109717846,0
297,-0.18700994551181793,0.01430573035031557,0
298,-0.11144255846738815,0.02482226863503456,0
299,-0.046466778963804245,0.026801632717251778,0
300,-0.11707858741283417,0.021155813708901405,0
301,-0.16350995004177094,0.020955506712198257,0
302,-0.19479867815971375,0.013895781710743904,0
303,-0.21905280649662018,0.013311033137142658,0
304,-0.2340347319841385,0.023173987865447998,0
305,-0.2514452636241913,0.015806572511792183,0
306,-0.24754132330417633,0.018890734761953354,0
307,-0.22971925139427185,0.016170108690857887,0
308,-0.23525023460388184,0.021864011883735657,0
309,-0.2549585700035095,0.019625160843133926,0
310,-0.11652780324220657,0.031184228137135506,0
311,-0.07536330074071884,0.032601021230220795,0
312,-0.1267787367105484,0.036885254085063934,0
313,-0.17179140448570251,0.02200429141521454,0
314,-0.12872332334518433,0.02902168408036232,0
315,-0.03364616632461548,0.04115307331085205,0
316,-0.049767617136240005,0.031329765915870667,0
317,-0.11712533980607986,0.026525991037487984,0
318,-0.15577204525470734,0.02536511793732643,0
319,-0.1797981560230255,0.019539665430784225,0
320,-0.024101005867123604,0.035963572561740875,0
321,0.1211426630616188,0.0374414399266243,0
322,0.038088396191596985,0.027843844145536423,0
323,0.05962569639086723,0.048238564282655716,1
324,0.028694214299321175,0.040108270943164825,0
325,-0.02531592920422554,0.02982659451663494,0
326,-0.04812826216220856,0.02696269378066063,0
327,-0.0639740377664566,0.021590156480669975,0
328,-0.10196194052696228,0.018746210262179375,0
329,-0.12507177889347076,0.013855624943971634,0
330,-0.14997440576553345,0.020544374361634254,0
331,-0.1789480745792389,0.02058785781264305,0
332,-0.1776866316795349,0.01884141005575657,0
333,-0.192949116230011,0.017267119139432907,0
334,-0.20740292966365814,0.01609516330063343,0
335,-0.2275189608335495,0.021051490679383278,0
336,-0.22951246798038483,0.028678016737103462,0
337,-0.24020518362522125,0.016842542216181755,0
338,-0.25496047735214233,0.020000500604510307,0
339,-0.2362087517976761,0.03280247747898102,0
340,-0.24501696228981018,0.02084362879395485,0
341,-0.27318963408470154,0.02489571087062359,0
342,-0.2745284140110016,0.016222883015871048,0
343,-0.2757629454135895,0.015635399147868156,0
344,-0.28508612513542175,0.013717381283640862,0
345,-0.29852524399757385,0.012332875281572342,0
346,-0.2501945495605469,0.024799013510346413,0
347,-0.24345050752162933,0.03454016521573067,0
348,-0.25316524505615234,0.023354118689894676,0
349,-0.2656293511390686,0.02472972869873047,0
350,-0.2765556573867798,0.02223440259695053,0
351,-0.30059462785720825,0.02008945494890213,0
352,-0.3069835603237152,0.01631767302751541,0
353,-0.2910742163658142,0.021757056936621666,0
354,-0.28850844502449036,0.022577054798603058,0
355,-0.2923528552055359,0.02819082885980606,0
356,-0.3115798532962799,0.023912576958537102,0
357,-0.3332388699054718,0.021973030641674995,0
358,-0.35416343808174133,0.02551043964922428,0
359,-0.32081419229507446,0.03658511862158775,0
360,-0.2897387444972992,0.034740936011075974,0
361,-0.27257248759269714,0.0262113306671381,0
362,-0.2918209433555603,0.030179055407643318,0
363,-0.307915061712265,0.025254949927330017,0
364,-0.3312089443206787,0.02425496093928814,0
365,-0.3428165912628174,0.024475015699863434,0
366,-0.34847694635391235,0.020915068686008453,0
367,-0.3312866985797882,0.019907737150788307,0
368,-0.35149893164634705,0.02617439068853855,0
369,-0.3427410125732422,0.02602975443005562,0
370,-0.3323586583137512,0.020851818844676018,0
371,-0.3450362980365753,0.03236610069870949,0
372,-0.34149590134620667,0.026603925973176956,0
373,-0.33778712153434753,0.028923068195581436,0
374,-0.3185957372188568,0.029721468687057495,0
375,-0.3287091553211212,0.0340462364256382,0
376,-0.3401334583759308,0.02745291404426098,0
377,-0.30407077074050903,0.025850443169474602,0
378,-0.24507834017276764,0.038806717842817307,0
379,-0.28479263186454773,0.03440520167350769,0
380,-0.3198140859603882,0.026355266571044922,0
381,-0.29663920402526855,0.03233519569039345,0
382,-0.3001694083213806,0.02999337948858738,0
383,-0.3185853958129883,0.0359465554356575,0
384,-0.3186544179916382,0.03634106367826462,0
385,-0.3114815652370453,0.03530365973711014,0
386,-0.3436436951160431,0.04355355724692345,0
387,-0.3622390031814575,0.03295230120420456,0
388,-0.31998586654663086,0.04116639122366905,0
389,-0.31077083945274353,0.04129438102245331,0
390,-0.3166656494140625,0.04473411291837692,0
391,-0.33966612815856934,0.03549777716398239,0
392,-0.3462791442871094,0.02871420606970787,0
393,-0.35719966888427734,0.027166975662112236,0
394,-0.36814355850219727,0.030431780964136124,0
395,-0.3403919041156769,0.02943257987499237,0
396,-0.17820222675800323,0.07231130450963974,1
397,-0.08698393404483795,0.08283700793981552,1
398,-0.1492430716753006,0.06758473813533783,1
399,-0.15800055861473083,0.04352506622672081,0
400,-0.1792769581079483,0.04656396433711052,1
401,-0.17108193039894104,0.03707572817802429,0
402,-0.16344013810157776,0.02738852985203266,0
403,-0.19872219860553741,0.037454068660736084,0
404,-0.20193339884281158,0.023152323439717293,0
405,-0.22108709812164307,0.021960102021694183,0
406,-0.26248258352279663,0.023315466940402985,0
407,-0.28885090351104736,0.02462448552250862,0
408,-0.3045543432235718,0.023054219782352448,0
409,-0.30909445881843567,0.030422093346714973,0
410,-0.306686669588089,0.022395262494683266,0
411,-0.3045371174812317,0.025101996958255768,0
412,-0.3094080090522766,0.024422666057944298,0
413,-0.22871650755405426,0.03843054920434952,0
414,-0.16686807572841644,0.03483700007200241,0
415,-0.20683109760284424,0.028447262942790985,0
416,-0.21295484900474548,0.027958469465374947,0
417,0.023974057286977768,0.0728887990117073,1
418,0.17974333465099335,0.05667014792561531,1
419,0.08977041393518448,0.032967306673526764,0
420,0.026271570473909378,0.029342586174607277,0
421,-0.06792634725570679,0.022943466901779175,0
422,-0.1293664425611496,0.02992975153028965,0
423,-0.15286089479923248,0.022411732003092766,0
424,-0.12058559060096741,0.019106628373265266,0
425,-0.07478106766939163,0.029657360166311264,0
426,0.020524751394987106,0.0463755801320076,1
427,-0.036034006625413895,0.037374984472990036,0
428,-0.07065606117248535,0.03359685093164444,0
429,-0.09155017882585526,0.035218410193920135,0
430,-0.0988859236240387,0.02377602458000183,0
431,-0.056027837097644806,0.03129640594124794,0
432,-0.07386773079633713,0.026263993233442307,0
433,0.2674790918827057,0.07452385872602463,1
434,0.33941978216171265,0.05494655296206474,1
435,0.1331743746995926,0.04210243001580238,0
436,0.038316529244184494,0.0387495756149292,0
437,-0.009838148020207882,0.02837263233959675,0
438,-0.03962242603302002,0.02321912907063961,0
439,-0.06478223204612732,0.020663974806666374,0
440,-0.08099997788667679,0.018060436472296715,0
441,-0.08202215284109116,0.019083837047219276,0
442,0.0518135167658329,0.031219936907291412,0
443,0.3217892348766327,0.06026247888803482,1
444,0.19964294135570526,0.02818906493484974,0
445,0.123322032392025,0.022793475538492203,0
446,0.10496973246335983,0.025488896295428276,0
447,0.06735071539878845,0.02152014896273613,0
448,0.024847635999321938,0.01621423102915287,0
449,-0.00799319613724947,0.015919605270028114,0
450,-0.027590716257691383,0.012927433475852013,0
451,-0.04436804726719856,0.016922421753406525,0
452,-0.062495775520801544,0.01422304380685091,0
453,-0.07415979355573654,0.015586278401315212,0
454,-0.0762866884469986,0.014450520277023315,0
455,-0.07693193852901459,0.017487289384007454,0
456,-0.0791327953338623,0.02375120110809803,0
457,-0.0993867963552475,0.016731593757867813,0
458,-0.07983672618865967,0.01981296017765999,0
459,-0.03589918836951256,0.023994827643036842,0
460,-0.08144921064376831,0.01689130626618862,0
461,-0.10619957000017166,0.019072245806455612,0
462,-0.13329145312309265,0.018475722521543503,0
463,-0.14642834663391113,0.017354724928736687,0
464,-0.1500292867422104,0.020768987014889717,0
465,-0.13061179220676422,0.020242109894752502,0
466,-0.11358087509870529,0.017983676865696907,0
467,-0.14636525511741638,0.019581357017159462,0
468,-0.15210875868797302,0.018310584127902985,0
469,-0.1714477390050888,0.017209429293870926,0
470,-0.18692538142204285,0.019202549010515213,0
471,-0.1427457630634308,0.021692592650651932,0
472,-0.10881830006837845,0.018652163445949554,0
473,-0.04182955250144005,0.017762281000614166,0
474,-0.06673123687505722,0.020805444568395615,0
475,-0.10830584168434143,0.020145652815699577,0
476,-0.1417502760887146,0.014228365384042263,0
477,-0.14595256745815277,0.017492568120360374,0
478,-0.10934866964817047,0.02399005927145481,0
479,-0.11529529839754105,0.01769750379025936,0
480,-0.06840797513723373,0.024462532252073288,0
481,0.052301567047834396,0.0425262451171875,0
482,0.13183818757534027,0.040701974183321,0
483,0.2144002914428711,0.06074347719550133,1
484,0.19080288708209991,0.05193697661161423,1
485,0.10630937665700912,0.04317289590835571,0
486,0.07709415256977081,0.029593247920274734,0
487,0.1937570720911026,0.049547672271728516,1
488,0.14777320623397827,0.04017378389835358,0
489,0.12669996917247772,0.03513851389288902,0
490,0.1544046849012375,0.03607715666294098,0
491,0.09518545120954514,0.034570857882499695,0
492,0.15489313006401062,0.03888167813420296,0
493,0.3175126612186432,0.06075362116098404,1
494,0.38561639189720154,0.05589583143591881,1
495,0.22846007347106934,0.03895964100956917,0
496,0.16402630507946014,0.031027980148792267,0
497,0.15949392318725586,0.027509156614542007,0
498,0.16291463375091553,0.03318779170513153,0
499,0.18425352871418,0.038676731288433075,0
500,0.21540719270706177,0.03270512446761131,0
501,0.17072239518165588,0.020886050537228584,0
502,0.15099859237670898,0.023930320516228676,0
503,0.1652413010597229,0.020028814673423767,0
504,0.17643021047115326,0.0193480234593153,0
505,0.14240092039108276,0.025074871256947517,0
506,0.05622059851884842,0.019039571285247803,0
507,0.059747274965047836,0.013169568032026291,0
508,0.0679510235786438,0.014063982293009758,0
509,0.08312282711267471,0.021965760737657547,0
510,0.09109780937433243,0.01761724054813385,0
511,0.05187607929110527,0.019952595233917236,0
512,0.03523607552051544,0.023896226659417152,0
513,0.034419383853673935,0.022696664556860924,0
514,0.05905066058039665,0.018011944368481636,0
515,0.08180765062570572,0.02050970308482647,0
516,0.10656126588582993,0.024532511830329895,0
517,0.11027561873197556,0.019897395744919777,0
518,0.09628963470458984,0.021473949775099754,0
519,0.06855949759483337,0.019130388274788857,0
520,0.12199430912733078,0.019797587767243385,0
521,0.09968738257884979,0.018632903695106506,0
522,0.1579349935054779,0.0316406674683094,0
523,0.14302395284175873,0.02423984557390213,0
524,0.05052510276436806,0.018903346732258797,0
525,0.014944778755307198,0.01977178081870079,0
526,0.027704674750566483,0.015017988160252571,0
527,-0.00490029389038682,0.02038807049393654,0
528,0.002109306398779154,0.021625928580760956,0
529,0.00468610692769289,0.021895339712500572,0
530,-0.015514345839619637,0.022466562688350677,0
531,-0.02718331106007099,0.016089072450995445,0
532,0.007643238175660372,0.026755092665553093,0
533,-0.05489630252122879,0.026274707168340683,0
534,-0.09178446978330612,0.0220482274889946,0
535,-0.08802324533462524,0.019146347418427467,0
536,-0.08283756673336029,0.01622968725860119,0
537,-0.06483320146799088,0.016830990090966225,0
538,-0.08939198404550552,0.016899432986974716,0
539,-0.09086961299180984,0.018888328224420547,0
540,-0.10551616549491882,0.022053923457860947,0
541,-0.033562012016773224,0.022713450714945793,0
542,-0.0825212374329567,0.016503077000379562,0
543,-0.06644196063280106,0.020040923729538918,0
544,-0.035483263432979584,0.021554823964834213,0
545,0.0725393071770668,0.037721600383520126,0
546,0.09718375653028488,0.03865722566843033,0
547,0.00031070984550751746,0.02376743033528328,0
548,-0.021418176591396332,0.01968134008347988,0
549,0.06223469600081444,0.03149052709341049,0
550,-0.02182871475815773,0.014169057831168175,0
551,-0.062188588082790375,0.02003575675189495,0
552,-0.08930303901433945,0.02049519494175911,0
553,-0.0986592248082161,0.019649827852845192,0
554,-0.04676046967506409,0.023023752495646477,0
555,-0.040180835872888565,0.02216893993318081,0
556,0.0016006359364837408,0.02620057389140129,0
557,0.1019613966345787,0.03912067785859108,0
558,0.019837044179439545,0.023617079481482506,0
559,0.031124258413910866,0.02473876066505909,0
560,0.005700435023754835,0.022568631917238235,0
561,0.06930067390203476,0.030131978914141655,0
562,-0.015275595709681511,0.023933107033371925,0
563,-0.04332607612013817,0.019815396517515182,0
564,-0.05303330346941948,0.02391878329217434,0
565,-0.04407253488898277,0.024050449952483177,0
566,-0.004454698413610458,0.02911597676575184,0
567,0.004205482546240091,0.025923728942871094,0
568,-0.00585250835865736,0.033469099551439285,0
569,-0.0034227233845740557,0.03854893893003464,0
570,0.12664590775966644,0.034990932792425156,0
571,0.16715428233146667,0.052738845348358154,1
572,0.4232962429523468,0.07608512043952942,1
573,0.43878209590911865,0.05903042480349541,1
574,0.28327396512031555,0.05067704990506172,1
575,0.18087626993656158,0.05068487673997879,1
576,0.13213740289211273,0.047081358730793,1
577,0.11495978385210037,0.03946815803647041,0
578,0.06252996623516083,0.035663992166519165,0
579,0.07422930747270584,0.03668002784252167,0
580,0.02690199762582779,0.027557456865906715,0
581,0.03320649266242981,0.02767844684422016,0
582,0.028549514710903168,0.03387131541967392,0
583,0.15399287641048431,0.06479530036449432,1
584,0.0846264585852623,0.04369150474667549,0
585,0.018111126497387886,0.023462790995836258,0
586,0.13480554521083832,0.03715430200099945,0
587,0.14849916100502014,0.03098255954682827,0
588,0.2870342433452606,0.06059214100241661,1
589,0.2317768931388855,0.034306563436985016,0
590,0.1285795271396637,0.03091880865395069,0
591,0.07226958125829697,0.03303487226366997,0
592,0.025877954438328743,0.026752322912216187,0
593,0.08522526174783707,0.027130668982863426,0
594,0.03415195643901825,0.025406327098608017,0
595,0.021123453974723816,0.024960830807685852,0
596,0.26291146874427795,0.04481608420610428,0
597,0.18143023550510406,0.03439664840698242,0
598,0.06394538283348083,0.02581879310309887,0
599,0.01312852930277586,0.01822187751531601,0
600,-0.023005172610282898,0.024759719148278236,0
601,-0.02998005971312523,0.022722279652953148,0
602,-0.011812889948487282,0.027885954827070236,0
603,-0.042321883141994476,0.023600466549396515,0
604,-0.06089178845286369,0.029182054102420807,0
605,-0.048382971435785294,0.022382453083992004,0
606,-0.075874924659729,0.018873637542128563,0
607,-0.09984147548675537,0.020662860944867134,0
608,-0.058004118502140045,0.02762550860643387,0
609,0.2898842990398407,0.08076842874288559,1
610,0.40386393666267395,0.07844390720129013,1
611,0.40927016735076904,0.0736117959022522,1
612,0.24370701611042023,0.04417632892727852,0
613,0.17432370781898499,0.04429697245359421,0
614,0.14161670207977295,0.04122421145439148,0
615,0.11552465707063675,0.035717662423849106,0
616,0.05087314173579216,0.034250374883413315,0
617,0.03020009770989418,0.03086205944418907,0
618,0.06748693436384201,0.03580530732870102,0
619,0.035645630210638046,0.02707481011748314,0
620,0.05262564495205879,0.02551039680838585,0
621,0.025019017979502678,0.026086481288075447,0
622,0.04449399933218956,0.026350487023591995,0
623,0.05806073173880577,0.023692499846220016,0
624,0.053050924092531204,0.02638695389032364,0
625,0.033442627638578415,0.022425780072808266,0
626,0.01911870948970318,0.020725861191749573,0
627,0.05978043004870415,0.027725405991077423,0
628,0.08620672672986984,0.03031480312347412,0
629,0.03926219791173935,0.03036734089255333,0
630,0.0015515645500272512,0.018072471022605896,0
631,-0.026203012093901634,0.01574465073645115,0
632,-0.041715316474437714,0.024300191551446915,0
633,-0.053485285490751266,0.023653898388147354,0
634,-0.07010290771722794,0.02383602038025856,0
635,-0.0840531513094902,0.02589927799999714,0
636,-0.10104925185441971,0.01994980499148369,0
637,-0.11709331721067429,0.018013380467891693,0
638,-0.1313544362783432,0.01939861662685871,0
639,-0.01593143120408058,0.035566434264183044,0
640,-0.05400262400507927,0.024075454100966454,0
641,0.11678871512413025,0.037712614983320236,0
642,0.09166662395000458,0.03223995491862297,0
643,0.0014925362775102258,0.0276379082351923,0
644,0.05978479981422424,0.040537673979997635,0
645,0.05885381996631622,0.03144264593720436,0
646,0.05649922043085098,0.024847133085131645,0
647,0.10169945657253265,0.02773449197411537,0
648,0.044873859733343124,0.022588614374399185,0
649,0.00019215293286833912,0.019093617796897888,0
650,-0.04064388573169708,0.018869083374738693,0
651,-0.06813639402389526,0.02726598083972931,0
652,-0.10151028633117676,0.01377083919942379,0
653,-0.1266358196735382,0.017900215461850166,0
654,-0.13172170519828796,0.012946479953825474,0
655,-0.14553192257881165,0.010198460891842842,0
656,-0.1440209448337555,0.018492400646209717,0
657,-0.16484488546848297,0.014777468517422676,0
658,-0.18253910541534424,0.015607242472469807,0
659,-0.1973503679037094,0.013172143138945103,0
660,-0.15668520331382751,0.01500552985817194,0
661,-0.1145862489938736,0.015273108147084713,0
662,-0.1090356707572937,0.01812349259853363,0
663,-0.1339462250471115,0.017681360244750977,0
664,-0.14136601984500885,0.018028708174824715,0
665,-0.042461883276700974,0.037154145538806915,0
666,-0.0611448772251606,0.0230291448533535,0
667,0.07779102027416229,0.04353479668498039,0
668,0.06382027268409729,0.035092320293188095,0
669,-0.03291873261332512,0.02352132461965084,0
670,-0.08529406785964966,0.020269786939024925,0
671,-0.09893091022968292,0.023566758260130882,0
672,-0.10015688091516495,0.014771305955946445,0
673,-0.15322697162628174,0.022096099331974983,0
674,-0.12302029132843018,0.017804641276597977,0
675,0.026584317907691002,0.026667991653084755,0
676,0.008387601934373379,0.019377995282411575,0
677,-0.021502815186977386,0.019113002344965935,0
678,-0.04612818732857704,0.022203007712960243,0
679,-0.09035485982894897,0.019478505477309227,0
680,-0.021881798282265663,0.025886183604598045,0
681,0.31729498505592346,0.07078247517347336,1
682,0.329842209815979,0.032536376267671585,0
683,0.17669080197811127,0.03272746130824089,0
684,0.10681365430355072,0.02808302827179432,0
685,0.05721551179885864,0.02648184448480606,0
686,0.001745865331031382,0.02338491380214691,0
687,-0.04701286554336548,0.02381218411028385,0
688,-0.05593748390674591,0.020268091931939125,0
689,-0.040619853883981705,0.017978308722376823,0
690,0.0466250441968441,0.03753603249788284,0
691,0.05387326702475548,0.026267657056450844,0
692,-0.006654556840658188,0.01942174881696701,0
693,-0.03186334669589996,0.014012784697115421,0
694,-0.008732284419238567,0.01552573312073946,0
695,0.008749925531446934,0.02539972774684429,0
696,-0.014982068911194801,0.021490514278411865,0
697,-0.0227001141756773,0.01708817668259144,0
698,-0.0021022935397922993,0.03076128289103508,0
699,-0.003567170351743698,0.03202160820364952,0
700,-0.03511712700128555,0.02311614900827408,0
701,-0.0837138444185257,0.01674048602581024,0
702,-0.12902413308620453,0.014601417817175388,0
703,-0.11714522540569305,0.014166830107569695,0
704,-0.09228552877902985,0.023098547011613846,0
705,-0.09175342321395874,0.023591365665197372,0
706,-0.10471361875534058,0.023816952481865883,0
707,-0.08170724660158157,0.021374013274908066,0
708,-0.08322508633136749,0.014682435430586338,0
709,-0.11880581825971603,0.018567083403468132,0
710,-0.0044988770969212055,0.02847413904964924,0
711,0.15872915089130402,0.043164562433958054,0
712,0.06285318732261658,0.030536478385329247,0
713,0.05043642222881317,0.02620421163737774,0
714,0.07493966072797775,0.02284941077232361,0
715,0.0033373073674738407,0.02338232658803463,0
716,-0.02973095513880253,0.019488392397761345,0
717,-0.02881847321987152,0.021929221227765083,0
718,-0.04738495498895645,0.021445954218506813,0
719,-0.06156289950013161,0.018172914162278175,0
720,-0.06290022283792496,0.018652940168976784,0
721,0.058756273239851,0.031213438138365746,0
722,0.07685182243585587,0.033601753413677216,0
723,0.03963112086057663,0.025753263384103775,0
724,-0.010634911246597767,0.02195419743657112,0
