Epoch,Training Loss,Validation Loss,Validation NSE,Validation KGE,Learning Rate
1,0.5967004434035642,0.4066457028190295,-2505.3264095231625,-48.56542234005935,0.001
2,0.42175305324749357,0.3606362963716189,-1924.6592462501085,-42.48851247904486,0.0009997532801828658
3,0.3988095036823384,0.34993527581294376,-1093.3477620322676,-31.635611489519547,0.0009990133642141358
4,0.39497031804418914,0.3487962807218234,-2558.8956635607196,-49.21831997681146,0.00099778098230154
5,0.3938446042746523,0.348477507630984,-2312.8493948912637,-46.726662108538065,0.000996057350657239
6,0.3933769059877326,0.3504904384414355,-1587.2809903451675,-38.43651574042832,0.0009938441702975688
7,0.3937778505530671,0.3457374523083369,-1759.1799858900913,-40.549660290718,0.0009911436253643444
8,0.39244439132022163,0.34370384613672894,-1877.9673126928237,-41.93911924402821,0.0009879583809693736
9,0.3930884068899781,0.34379968295494717,-1815.1711722339276,-41.19743713399593,0.0009842915805643154
10,0.39259526242304893,0.3468762959043185,-986.0430560721402,-29.958545426641628,0.0009801468428384714
11,0.39297722900000803,0.34772807856400806,-1609.1820634019616,-38.704203838243075,0.0009755282581475767
12,0.3920031009364302,0.35023535539706546,-1526.7959062477917,-37.672473399697026,0.0009704403844771127
13,0.3927874119177352,0.34385111182928085,-2342.9004009223486,-47.02984770816105,0.0009648882429441257
14,0.3924465475291231,0.34316643327474594,-2083.149160671129,-44.25048363345319,0.0009588773128419905
15,0.3917877243383087,0.34453726559877396,-1323.5170020948906,-34.953390642731804,0.0009524135262330098
16,0.3922170840040611,0.3495462288459142,-1669.3423466629629,-39.45468292610937,0.0009455032620941839
17,0.39266858723041786,0.34643276284138363,-1126.759595020711,-32.124426502997586,0.0009381533400219318
18,0.3917587995529175,0.34650563448667526,-1739.1389013145945,-40.30604428662401,0.0009303710135019719
19,0.39205627763358347,0.343735009431839,-1727.6022347726523,-40.16748771298406,0.0009221639627510076
20,0.39162865237598,0.3442834218343099,-1452.2065361914158,-36.69985063675212,0.000913540287137281
21,0.391912027867171,0.35003701597452164,-1607.6060565936484,-38.67897311800899,0.0009045084971874739
22,0.3918563923696532,0.34492747733990353,-1926.3948250203064,-42.48955547596449,0.0008950775061878452
23,0.3914380882778307,0.34553465495506924,-951.9587056334694,-29.400161972665458,0.0008852566213878947
24,0.3918146658552824,0.34527304271856946,-2126.434280985183,-44.72359743354258,0.0008750555348152298
25,0.39176550746834193,0.34834645688533783,-2380.0067475648734,-47.4176497425809,0.0008644843137107057
26,0.3916423161969568,0.34931591153144836,-1800.7144844722177,-41.03801556842623,0.0008535533905932737
27,0.39158860066511336,0.3415561070044835,-2284.911941571414,-46.4259553600059,0.0008422735529643444
28,0.3915984534869229,0.34097867210706073,-2477.6346513546123,-48.40585718010599,0.0008306559326618259
29,0.3915646350296744,0.35398948440949124,-1330.0531153493162,-35.0578052953178,0.0008187119948743449
30,0.39203589219246465,0.34549564123153687,-2008.8305515741445,-43.43715740899023,0.0008064535268264883
31,0.39113913813646695,0.3419140602151553,-2084.6002128348737,-44.27355718721587,0.0007938926261462367
32,0.3910870280143988,0.34498674670855206,-1092.3646921501352,-31.61125033626149,0.0007810416889260654
33,0.39091337532022574,0.3415696347753207,-1854.4051588497732,-41.67084477498665,0.0007679133974894983
34,0.3911937166304484,0.34706316888332367,-1549.945317047753,-37.95816437627872,0.0007545207078751857
35,0.39121159563099384,0.3467426250378291,-2344.5557097475735,-47.05642480940641,0.0007408768370508577
36,0.3909642563684143,0.3458807244896889,-1884.2790812296696,-42.01814944895095,0.0007269952498697734
37,0.39120479961381344,0.3448589965701103,-1652.2247010599763,-39.244046935700894,0.0007128896457825364
38,0.3911168094534073,0.34769099454085034,-1497.656274445072,-37.284838299140944,0.0006985739453173903
